--------------------------------------------------------
--  File created - Tuesday-March-21-2017   
--------------------------------------------------------
--------------------------------------------------------
--  DDL for Type ERROR_T
--------------------------------------------------------

  CREATE OR REPLACE EDITIONABLE TYPE "CAPACITACION"."ERROR_T" AS OBJECT(
  CODE_ VARCHAR2(10),
  DESCRIPTION_ VARCHAR2(100)
);

/
--------------------------------------------------------
--  DDL for Sequence ADDRESS_JP_SEQ
--------------------------------------------------------

   CREATE SEQUENCE  "CAPACITACION"."ADDRESS_JP_SEQ"  MINVALUE 1 MAXVALUE 9999999999999999999999999999 INCREMENT BY 1 START WITH 21 CACHE 20 NOORDER  NOCYCLE  NOPARTITION ;
--------------------------------------------------------
--  DDL for Sequence BC_CAPABILITY_SEQ
--------------------------------------------------------

   CREATE SEQUENCE  "CAPACITACION"."BC_CAPABILITY_SEQ"  MINVALUE 1 MAXVALUE 9999999999999999999999999999 INCREMENT BY 1 START WITH 21 CACHE 20 NOORDER  NOCYCLE  NOPARTITION ;
--------------------------------------------------------
--  DDL for Sequence BC_CONFIG_LIST_SEQ
--------------------------------------------------------

   CREATE SEQUENCE  "CAPACITACION"."BC_CONFIG_LIST_SEQ"  MINVALUE 1 MAXVALUE 9999999999999999999999999999 INCREMENT BY 1 START WITH 1 CACHE 20 NOORDER  NOCYCLE  NOPARTITION ;
--------------------------------------------------------
--  DDL for Sequence BC_CONFIG_PROPERTY_SEQ
--------------------------------------------------------

   CREATE SEQUENCE  "CAPACITACION"."BC_CONFIG_PROPERTY_SEQ"  MINVALUE 1 MAXVALUE 9999999999999999999999999999 INCREMENT BY 1 START WITH 1 CACHE 20 NOORDER  NOCYCLE  NOPARTITION ;
--------------------------------------------------------
--  DDL for Sequence BC_CONFIG_SEQ
--------------------------------------------------------

   CREATE SEQUENCE  "CAPACITACION"."BC_CONFIG_SEQ"  MINVALUE 1 MAXVALUE 9999999999999999999999999999 INCREMENT BY 1 START WITH 1 CACHE 20 NOORDER  NOCYCLE  NOPARTITION ;
--------------------------------------------------------
--  DDL for Sequence BC_LOG_SEQ
--------------------------------------------------------

   CREATE SEQUENCE  "CAPACITACION"."BC_LOG_SEQ"  MINVALUE 1 MAXVALUE 9999999999999999999999999999 INCREMENT BY 1 START WITH 1 CACHE 20 NOORDER  NOCYCLE  NOPARTITION ;
--------------------------------------------------------
--  DDL for Sequence BC_SERVICE_SEQ
--------------------------------------------------------

   CREATE SEQUENCE  "CAPACITACION"."BC_SERVICE_SEQ"  MINVALUE 1 MAXVALUE 9999999999999999999999999999 INCREMENT BY 1 START WITH 21 CACHE 20 NOORDER  NOCYCLE  NOPARTITION ;
--------------------------------------------------------
--  DDL for Sequence BC_TRANSACTION_SEQ
--------------------------------------------------------

   CREATE SEQUENCE  "CAPACITACION"."BC_TRANSACTION_SEQ"  MINVALUE 1 MAXVALUE 9999999999999999999999999999 INCREMENT BY 1 START WITH 21 CACHE 20 NOORDER  NOCYCLE  NOPARTITION ;
--------------------------------------------------------
--  DDL for Sequence CLIENTE_BD_SEQ
--------------------------------------------------------

   CREATE SEQUENCE  "CAPACITACION"."CLIENTE_BD_SEQ"  MINVALUE 1 MAXVALUE 9999999999999999999999999999 INCREMENT BY 1 START WITH 41 CACHE 20 NOORDER  NOCYCLE  NOPARTITION ;
--------------------------------------------------------
--  DDL for Sequence CLIENTE_CHRISTIAN_SEQ
--------------------------------------------------------

   CREATE SEQUENCE  "CAPACITACION"."CLIENTE_CHRISTIAN_SEQ"  MINVALUE 1 MAXVALUE 9999999999999999999999999999 INCREMENT BY 1 START WITH 41 CACHE 20 NOORDER  NOCYCLE  NOPARTITION ;
--------------------------------------------------------
--  DDL for Sequence CLIENTE_PEDRO_SEQ
--------------------------------------------------------

   CREATE SEQUENCE  "CAPACITACION"."CLIENTE_PEDRO_SEQ"  MINVALUE 1 MAXVALUE 9999999999999999999999999999 INCREMENT BY 1 START WITH 41 CACHE 20 NOORDER  NOCYCLE  NOPARTITION ;
--------------------------------------------------------
--  DDL for Sequence CLIENTE_ROCIO_SEQ
--------------------------------------------------------

   CREATE SEQUENCE  "CAPACITACION"."CLIENTE_ROCIO_SEQ"  MINVALUE 1 MAXVALUE 9999999999999999999999999999 INCREMENT BY 1 START WITH 41 CACHE 20 NOORDER  NOCYCLE  NOPARTITION ;
--------------------------------------------------------
--  DDL for Sequence CLIENTE_ZUCO_SEQ
--------------------------------------------------------

   CREATE SEQUENCE  "CAPACITACION"."CLIENTE_ZUCO_SEQ"  MINVALUE 1 MAXVALUE 9999999999999999999999999999 INCREMENT BY 1 START WITH 21 CACHE 20 NOORDER  NOCYCLE  NOPARTITION ;
--------------------------------------------------------
--  DDL for Sequence CLIENT_JP_SEQ
--------------------------------------------------------

   CREATE SEQUENCE  "CAPACITACION"."CLIENT_JP_SEQ"  MINVALUE 1 MAXVALUE 9999999999999999999999999999 INCREMENT BY 1 START WITH 41 CACHE 20 NOORDER  NOCYCLE  NOPARTITION ;
--------------------------------------------------------
--  DDL for Sequence DIRECCION_BD_SEQ
--------------------------------------------------------

   CREATE SEQUENCE  "CAPACITACION"."DIRECCION_BD_SEQ"  MINVALUE 1 MAXVALUE 9999999999999999999999999999 INCREMENT BY 1 START WITH 41 CACHE 20 NOORDER  NOCYCLE  NOPARTITION ;
--------------------------------------------------------
--  DDL for Sequence DIRECCION_CHRISTIAN_SEQ
--------------------------------------------------------

   CREATE SEQUENCE  "CAPACITACION"."DIRECCION_CHRISTIAN_SEQ"  MINVALUE 1 MAXVALUE 9999999999999999999999999999 INCREMENT BY 1 START WITH 41 CACHE 20 NOORDER  NOCYCLE  NOPARTITION ;
--------------------------------------------------------
--  DDL for Sequence DIRECCION_PEDRO_SEQ
--------------------------------------------------------

   CREATE SEQUENCE  "CAPACITACION"."DIRECCION_PEDRO_SEQ"  MINVALUE 1 MAXVALUE 9999999999999999999999999999 INCREMENT BY 1 START WITH 21 CACHE 20 NOORDER  NOCYCLE  NOPARTITION ;
--------------------------------------------------------
--  DDL for Sequence DIRECCION_ROCIO_SEQ
--------------------------------------------------------

   CREATE SEQUENCE  "CAPACITACION"."DIRECCION_ROCIO_SEQ"  MINVALUE 1 MAXVALUE 9999999999999999999999999999 INCREMENT BY 1 START WITH 21 CACHE 20 NOORDER  NOCYCLE  NOPARTITION ;
--------------------------------------------------------
--  DDL for Sequence DIRECCION_ZUCO_SEQ
--------------------------------------------------------

   CREATE SEQUENCE  "CAPACITACION"."DIRECCION_ZUCO_SEQ"  MINVALUE 1 MAXVALUE 9999999999999999999999999999 INCREMENT BY 1 START WITH 21 CACHE 20 NOORDER  NOCYCLE  NOPARTITION ;
--------------------------------------------------------
--  DDL for Table ADDRESS_JP
--------------------------------------------------------

  CREATE TABLE "CAPACITACION"."ADDRESS_JP" 
   (	"ID" NUMBER, 
	"STREET" VARCHAR2(50 BYTE), 
	"Number" VARCHAR2(50 BYTE), 
	"CITY" VARCHAR2(50 BYTE), 
	"STATE" VARCHAR2(50 BYTE), 
	"COUNTRY" VARCHAR2(50 BYTE)
   ) SEGMENT CREATION IMMEDIATE 
  PCTFREE 10 PCTUSED 40 INITRANS 1 MAXTRANS 255 
 NOCOMPRESS LOGGING
  STORAGE(INITIAL 65536 NEXT 1048576 MINEXTENTS 1 MAXEXTENTS 2147483645
  PCTINCREASE 0 FREELISTS 1 FREELIST GROUPS 1
  BUFFER_POOL DEFAULT FLASH_CACHE DEFAULT CELL_FLASH_CACHE DEFAULT)
  TABLESPACE "USERS" ;
--------------------------------------------------------
--  DDL for Table BC_CAPABILITY
--------------------------------------------------------

  CREATE TABLE "CAPACITACION"."BC_CAPABILITY" 
   (	"ID" NUMBER, 
	"NAME" VARCHAR2(50 BYTE), 
	"SERVICE_ID" NUMBER, 
	"CREATIONDATE" DATE DEFAULT CURRENT_DATE, 
	"ENABLED" NUMBER(1,0) DEFAULT 1
   ) SEGMENT CREATION IMMEDIATE 
  PCTFREE 10 PCTUSED 40 INITRANS 1 MAXTRANS 255 
 NOCOMPRESS LOGGING
  STORAGE(INITIAL 65536 NEXT 1048576 MINEXTENTS 1 MAXEXTENTS 2147483645
  PCTINCREASE 0 FREELISTS 1 FREELIST GROUPS 1
  BUFFER_POOL DEFAULT FLASH_CACHE DEFAULT CELL_FLASH_CACHE DEFAULT)
  TABLESPACE "USERS" ;
--------------------------------------------------------
--  DDL for Table BC_CONFIG
--------------------------------------------------------

  CREATE TABLE "CAPACITACION"."BC_CONFIG" 
   (	"ID" NUMBER, 
	"NAME" VARCHAR2(50 BYTE), 
	"ENABLED" NUMBER(1,0) DEFAULT 1, 
	"CREATIONDATE" DATE DEFAULT CURRENT_DATE
   ) SEGMENT CREATION DEFERRED 
  PCTFREE 10 PCTUSED 40 INITRANS 1 MAXTRANS 255 
 NOCOMPRESS LOGGING
  TABLESPACE "USERS" ;
--------------------------------------------------------
--  DDL for Table BC_CONFIG_LIST
--------------------------------------------------------

  CREATE TABLE "CAPACITACION"."BC_CONFIG_LIST" 
   (	"ID" NUMBER, 
	"CONFIG_ID" NUMBER, 
	"CONFIG_PROPERTY_ID" NUMBER, 
	"VALUE" VARCHAR2(120 BYTE)
   ) SEGMENT CREATION DEFERRED 
  PCTFREE 10 PCTUSED 40 INITRANS 1 MAXTRANS 255 
 NOCOMPRESS LOGGING
  TABLESPACE "USERS" ;
--------------------------------------------------------
--  DDL for Table BC_CONFIG_PROPERTY
--------------------------------------------------------

  CREATE TABLE "CAPACITACION"."BC_CONFIG_PROPERTY" 
   (	"ID" NUMBER, 
	"NAME" VARCHAR2(50 BYTE), 
	"CREATIONDATE" DATE DEFAULT CURRENT_DATE
   ) SEGMENT CREATION DEFERRED 
  PCTFREE 10 PCTUSED 40 INITRANS 1 MAXTRANS 255 
 NOCOMPRESS LOGGING
  TABLESPACE "USERS" ;
--------------------------------------------------------
--  DDL for Table BC_LOG
--------------------------------------------------------

  CREATE TABLE "CAPACITACION"."BC_LOG" 
   (	"ID" NUMBER, 
	"TRANSACTION_ID" NUMBER, 
	"COMPONENT" VARCHAR2(150 BYTE), 
	"STAGE" VARCHAR2(150 BYTE), 
	"TIMESTAMP" TIMESTAMP (6) DEFAULT CURRENT_TIMESTAMP, 
	"MESSAGE" CLOB
   ) SEGMENT CREATION DEFERRED 
  PCTFREE 10 PCTUSED 40 INITRANS 1 MAXTRANS 255 
 NOCOMPRESS LOGGING
  TABLESPACE "USERS" 
 LOB ("MESSAGE") STORE AS SECUREFILE (
  TABLESPACE "USERS" ENABLE STORAGE IN ROW CHUNK 8192
  NOCACHE LOGGING  NOCOMPRESS  KEEP_DUPLICATES ) ;
--------------------------------------------------------
--  DDL for Table BC_LOG_V2
--------------------------------------------------------

  CREATE TABLE "CAPACITACION"."BC_LOG_V2" 
   (	"MESSAGE_ID" VARCHAR2(50 BYTE), 
	"PLACE_HOLDER" VARCHAR2(50 BYTE), 
	"SERVICE_NAME" VARCHAR2(50 BYTE), 
	"SEVERITY" VARCHAR2(10 BYTE), 
	"PROVIDER_NAME" VARCHAR2(50 BYTE), 
	"OPERATION" VARCHAR2(20 BYTE), 
	"MESSAGE" CLOB, 
	"CREATIONDATE" DATE DEFAULT CURRENT_DATE
   ) SEGMENT CREATION IMMEDIATE 
  PCTFREE 10 PCTUSED 40 INITRANS 1 MAXTRANS 255 
 NOCOMPRESS LOGGING
  STORAGE(INITIAL 65536 NEXT 1048576 MINEXTENTS 1 MAXEXTENTS 2147483645
  PCTINCREASE 0 FREELISTS 1 FREELIST GROUPS 1
  BUFFER_POOL DEFAULT FLASH_CACHE DEFAULT CELL_FLASH_CACHE DEFAULT)
  TABLESPACE "USERS" 
 LOB ("MESSAGE") STORE AS SECUREFILE (
  TABLESPACE "USERS" ENABLE STORAGE IN ROW CHUNK 8192
  NOCACHE LOGGING  NOCOMPRESS  KEEP_DUPLICATES 
  STORAGE(INITIAL 106496 NEXT 1048576 MINEXTENTS 1 MAXEXTENTS 2147483645
  PCTINCREASE 0
  BUFFER_POOL DEFAULT FLASH_CACHE DEFAULT CELL_FLASH_CACHE DEFAULT)) ;
--------------------------------------------------------
--  DDL for Table BC_PARAMETER
--------------------------------------------------------

  CREATE TABLE "CAPACITACION"."BC_PARAMETER" 
   (	"KEY" VARCHAR2(120 BYTE), 
	"VALUE" VARCHAR2(120 BYTE)
   ) SEGMENT CREATION IMMEDIATE 
  PCTFREE 10 PCTUSED 40 INITRANS 1 MAXTRANS 255 
 NOCOMPRESS LOGGING
  STORAGE(INITIAL 65536 NEXT 1048576 MINEXTENTS 1 MAXEXTENTS 2147483645
  PCTINCREASE 0 FREELISTS 1 FREELIST GROUPS 1
  BUFFER_POOL DEFAULT FLASH_CACHE DEFAULT CELL_FLASH_CACHE DEFAULT)
  TABLESPACE "USERS" ;
--------------------------------------------------------
--  DDL for Table BC_SERVICE
--------------------------------------------------------

  CREATE TABLE "CAPACITACION"."BC_SERVICE" 
   (	"ID" NUMBER, 
	"NAME" VARCHAR2(50 BYTE), 
	"ENABLED" NUMBER(1,0) DEFAULT 1, 
	"CREATIONDATE" DATE DEFAULT CURRENT_DATE
   ) SEGMENT CREATION IMMEDIATE 
  PCTFREE 10 PCTUSED 40 INITRANS 1 MAXTRANS 255 
 NOCOMPRESS LOGGING
  STORAGE(INITIAL 65536 NEXT 1048576 MINEXTENTS 1 MAXEXTENTS 2147483645
  PCTINCREASE 0 FREELISTS 1 FREELIST GROUPS 1
  BUFFER_POOL DEFAULT FLASH_CACHE DEFAULT CELL_FLASH_CACHE DEFAULT)
  TABLESPACE "USERS" ;
--------------------------------------------------------
--  DDL for Table BC_TRANSACTION
--------------------------------------------------------

  CREATE TABLE "CAPACITACION"."BC_TRANSACTION" 
   (	"ID" NUMBER, 
	"UUID" VARCHAR2(50 BYTE), 
	"CAPABILITY_ID" NUMBER, 
	"STATUS" VARCHAR2(10 BYTE), 
	"CREATIONDATE" DATE DEFAULT CURRENT_DATE
   ) SEGMENT CREATION IMMEDIATE 
  PCTFREE 10 PCTUSED 40 INITRANS 1 MAXTRANS 255 
 NOCOMPRESS LOGGING
  STORAGE(INITIAL 65536 NEXT 1048576 MINEXTENTS 1 MAXEXTENTS 2147483645
  PCTINCREASE 0 FREELISTS 1 FREELIST GROUPS 1
  BUFFER_POOL DEFAULT FLASH_CACHE DEFAULT CELL_FLASH_CACHE DEFAULT)
  TABLESPACE "USERS" ;
--------------------------------------------------------
--  DDL for Table CLIENTE_BD
--------------------------------------------------------

  CREATE TABLE "CAPACITACION"."CLIENTE_BD" 
   (	"ID" NUMBER(10,0), 
	"NOMBRE" VARCHAR2(50 BYTE), 
	"APELLIDO" VARCHAR2(50 BYTE), 
	"TIPO_DOC" VARCHAR2(50 BYTE), 
	"NUMERO_DOC" NUMBER(20,0), 
	"DIRECCION" NUMBER(10,0)
   ) SEGMENT CREATION IMMEDIATE 
  PCTFREE 10 PCTUSED 40 INITRANS 1 MAXTRANS 255 
 NOCOMPRESS LOGGING
  STORAGE(INITIAL 65536 NEXT 1048576 MINEXTENTS 1 MAXEXTENTS 2147483645
  PCTINCREASE 0 FREELISTS 1 FREELIST GROUPS 1
  BUFFER_POOL DEFAULT FLASH_CACHE DEFAULT CELL_FLASH_CACHE DEFAULT)
  TABLESPACE "USERS" ;
--------------------------------------------------------
--  DDL for Table CLIENTE_CHRISTIAN
--------------------------------------------------------

  CREATE TABLE "CAPACITACION"."CLIENTE_CHRISTIAN" 
   (	"ID" NUMBER, 
	"ID_DIRECCION" NUMBER, 
	"TIPO" VARCHAR2(50 BYTE), 
	"NUMERO" NUMBER, 
	"NOMBRE" VARCHAR2(50 BYTE), 
	"APELLIDO" VARCHAR2(50 BYTE)
   ) SEGMENT CREATION IMMEDIATE 
  PCTFREE 10 PCTUSED 40 INITRANS 1 MAXTRANS 255 
 NOCOMPRESS LOGGING
  STORAGE(INITIAL 65536 NEXT 1048576 MINEXTENTS 1 MAXEXTENTS 2147483645
  PCTINCREASE 0 FREELISTS 1 FREELIST GROUPS 1
  BUFFER_POOL DEFAULT FLASH_CACHE DEFAULT CELL_FLASH_CACHE DEFAULT)
  TABLESPACE "USERS" ;
--------------------------------------------------------
--  DDL for Table CLIENTE_PEDRO
--------------------------------------------------------

  CREATE TABLE "CAPACITACION"."CLIENTE_PEDRO" 
   (	"ID" NUMBER, 
	"TIPO" VARCHAR2(20 BYTE), 
	"NUMERO" NUMBER, 
	"NOMBRE" VARCHAR2(20 BYTE), 
	"APELLIDO" VARCHAR2(20 BYTE), 
	"ID_DIRECCION" VARCHAR2(20 BYTE)
   ) SEGMENT CREATION IMMEDIATE 
  PCTFREE 10 PCTUSED 40 INITRANS 1 MAXTRANS 255 
 NOCOMPRESS LOGGING
  STORAGE(INITIAL 65536 NEXT 1048576 MINEXTENTS 1 MAXEXTENTS 2147483645
  PCTINCREASE 0 FREELISTS 1 FREELIST GROUPS 1
  BUFFER_POOL DEFAULT FLASH_CACHE DEFAULT CELL_FLASH_CACHE DEFAULT)
  TABLESPACE "USERS" ;
--------------------------------------------------------
--  DDL for Table CLIENTE_ROCIO
--------------------------------------------------------

  CREATE TABLE "CAPACITACION"."CLIENTE_ROCIO" 
   (	"ID" NUMBER, 
	"TIPO_DOCUMENTO" VARCHAR2(50 BYTE), 
	"NUMERO_DOCUMENTO" NUMBER, 
	"NOMBRE" VARCHAR2(50 BYTE), 
	"APELLIDO" VARCHAR2(50 BYTE), 
	"ID_DIRECCION" NUMBER
   ) SEGMENT CREATION IMMEDIATE 
  PCTFREE 10 PCTUSED 40 INITRANS 1 MAXTRANS 255 
 NOCOMPRESS LOGGING
  STORAGE(INITIAL 65536 NEXT 1048576 MINEXTENTS 1 MAXEXTENTS 2147483645
  PCTINCREASE 0 FREELISTS 1 FREELIST GROUPS 1
  BUFFER_POOL DEFAULT FLASH_CACHE DEFAULT CELL_FLASH_CACHE DEFAULT)
  TABLESPACE "USERS" ;
--------------------------------------------------------
--  DDL for Table CLIENTE_ZUCO
--------------------------------------------------------

  CREATE TABLE "CAPACITACION"."CLIENTE_ZUCO" 
   (	"ID" NUMBER, 
	"TIPO" VARCHAR2(50 BYTE), 
	"NOMBRE" VARCHAR2(50 BYTE), 
	"NUMERO_DOC" NUMBER, 
	"APELLIDO" VARCHAR2(50 BYTE), 
	"ID_DIRECCION" NUMBER
   ) SEGMENT CREATION IMMEDIATE 
  PCTFREE 10 PCTUSED 40 INITRANS 1 MAXTRANS 255 
 NOCOMPRESS LOGGING
  STORAGE(INITIAL 65536 NEXT 1048576 MINEXTENTS 1 MAXEXTENTS 2147483645
  PCTINCREASE 0 FREELISTS 1 FREELIST GROUPS 1
  BUFFER_POOL DEFAULT FLASH_CACHE DEFAULT CELL_FLASH_CACHE DEFAULT)
  TABLESPACE "USERS" ;
--------------------------------------------------------
--  DDL for Table CLIENT_JP
--------------------------------------------------------

  CREATE TABLE "CAPACITACION"."CLIENT_JP" 
   (	"ID" NUMBER, 
	"ADDRESS_ID" NUMBER, 
	"DOC_TYPE" VARCHAR2(50 BYTE), 
	"DOC_NUMBER" NUMBER, 
	"NAME" VARCHAR2(50 BYTE), 
	"LAST_NAME" VARCHAR2(50 BYTE)
   ) SEGMENT CREATION IMMEDIATE 
  PCTFREE 10 PCTUSED 40 INITRANS 1 MAXTRANS 255 
 NOCOMPRESS LOGGING
  STORAGE(INITIAL 65536 NEXT 1048576 MINEXTENTS 1 MAXEXTENTS 2147483645
  PCTINCREASE 0 FREELISTS 1 FREELIST GROUPS 1
  BUFFER_POOL DEFAULT FLASH_CACHE DEFAULT CELL_FLASH_CACHE DEFAULT)
  TABLESPACE "USERS" ;
--------------------------------------------------------
--  DDL for Table DIRECCION_BD
--------------------------------------------------------

  CREATE TABLE "CAPACITACION"."DIRECCION_BD" 
   (	"ID" NUMBER(10,0), 
	"LOCALIDAD" VARCHAR2(50 BYTE), 
	"PROVINCIA" VARCHAR2(50 BYTE), 
	"PAIS" VARCHAR2(50 BYTE), 
	"NUMERO" VARCHAR2(20 BYTE), 
	"CALLE" VARCHAR2(20 BYTE)
   ) SEGMENT CREATION IMMEDIATE 
  PCTFREE 10 PCTUSED 40 INITRANS 1 MAXTRANS 255 
 NOCOMPRESS LOGGING
  STORAGE(INITIAL 65536 NEXT 1048576 MINEXTENTS 1 MAXEXTENTS 2147483645
  PCTINCREASE 0 FREELISTS 1 FREELIST GROUPS 1
  BUFFER_POOL DEFAULT FLASH_CACHE DEFAULT CELL_FLASH_CACHE DEFAULT)
  TABLESPACE "USERS" ;
--------------------------------------------------------
--  DDL for Table DIRECCION_CHRISTIAN
--------------------------------------------------------

  CREATE TABLE "CAPACITACION"."DIRECCION_CHRISTIAN" 
   (	"ID" NUMBER, 
	"LOCALIDAD" VARCHAR2(50 BYTE), 
	"PROVINCIA" VARCHAR2(50 BYTE), 
	"PAIS" VARCHAR2(50 BYTE), 
	"CALLE" VARCHAR2(100 BYTE), 
	"NUMERO" VARCHAR2(100 BYTE)
   ) SEGMENT CREATION IMMEDIATE 
  PCTFREE 10 PCTUSED 40 INITRANS 1 MAXTRANS 255 
 NOCOMPRESS LOGGING
  STORAGE(INITIAL 65536 NEXT 1048576 MINEXTENTS 1 MAXEXTENTS 2147483645
  PCTINCREASE 0 FREELISTS 1 FREELIST GROUPS 1
  BUFFER_POOL DEFAULT FLASH_CACHE DEFAULT CELL_FLASH_CACHE DEFAULT)
  TABLESPACE "USERS" ;
--------------------------------------------------------
--  DDL for Table DIRECCION_PEDRO
--------------------------------------------------------

  CREATE TABLE "CAPACITACION"."DIRECCION_PEDRO" 
   (	"ID" NUMBER, 
	"LOCALIDAD" VARCHAR2(20 BYTE), 
	"PROVINCIA" VARCHAR2(20 BYTE), 
	"PAIS" VARCHAR2(20 BYTE), 
	"CALLE" VARCHAR2(20 BYTE), 
	"NUMERO" VARCHAR2(20 BYTE)
   ) SEGMENT CREATION IMMEDIATE 
  PCTFREE 10 PCTUSED 40 INITRANS 1 MAXTRANS 255 
 NOCOMPRESS LOGGING
  STORAGE(INITIAL 65536 NEXT 1048576 MINEXTENTS 1 MAXEXTENTS 2147483645
  PCTINCREASE 0 FREELISTS 1 FREELIST GROUPS 1
  BUFFER_POOL DEFAULT FLASH_CACHE DEFAULT CELL_FLASH_CACHE DEFAULT)
  TABLESPACE "USERS" ;
--------------------------------------------------------
--  DDL for Table DIRECCION_ROCIO
--------------------------------------------------------

  CREATE TABLE "CAPACITACION"."DIRECCION_ROCIO" 
   (	"ID" NUMBER, 
	"CALLE" VARCHAR2(20 BYTE), 
	"NUMERO" VARCHAR2(20 BYTE), 
	"LOCALIDAD" VARCHAR2(20 BYTE), 
	"PROVINCIA" VARCHAR2(20 BYTE), 
	"PAIS" VARCHAR2(20 BYTE)
   ) SEGMENT CREATION IMMEDIATE 
  PCTFREE 10 PCTUSED 40 INITRANS 1 MAXTRANS 255 
 NOCOMPRESS LOGGING
  STORAGE(INITIAL 65536 NEXT 1048576 MINEXTENTS 1 MAXEXTENTS 2147483645
  PCTINCREASE 0 FREELISTS 1 FREELIST GROUPS 1
  BUFFER_POOL DEFAULT FLASH_CACHE DEFAULT CELL_FLASH_CACHE DEFAULT)
  TABLESPACE "USERS" ;
--------------------------------------------------------
--  DDL for Table DIRECCION_ZUCO
--------------------------------------------------------

  CREATE TABLE "CAPACITACION"."DIRECCION_ZUCO" 
   (	"ID" NUMBER, 
	"LOCALIDAD" VARCHAR2(50 BYTE), 
	"PROVINCIA" VARCHAR2(50 BYTE), 
	"PAIS" VARCHAR2(50 BYTE), 
	"CALLE" VARCHAR2(50 BYTE), 
	"NUMERO" VARCHAR2(50 BYTE)
   ) SEGMENT CREATION IMMEDIATE 
  PCTFREE 10 PCTUSED 40 INITRANS 1 MAXTRANS 255 
 NOCOMPRESS LOGGING
  STORAGE(INITIAL 65536 NEXT 1048576 MINEXTENTS 1 MAXEXTENTS 2147483645
  PCTINCREASE 0 FREELISTS 1 FREELIST GROUPS 1
  BUFFER_POOL DEFAULT FLASH_CACHE DEFAULT CELL_FLASH_CACHE DEFAULT)
  TABLESPACE "USERS" ;
REM INSERTING into CAPACITACION.ADDRESS_JP
SET DEFINE OFF;
Insert into CAPACITACION.ADDRESS_JP (ID,STREET,"Number",CITY,STATE,COUNTRY) values (3,'55','444','LP','BsAs','Arg');
Insert into CAPACITACION.ADDRESS_JP (ID,STREET,"Number",CITY,STATE,COUNTRY) values (6,'Disco Eterno','4B','De la Furia','Buenos Aires','Argentina');
Insert into CAPACITACION.ADDRESS_JP (ID,STREET,"Number",CITY,STATE,COUNTRY) values (8,'55','548 Piso 1 Depto B','La Plata','Buenos Aires','Argentina');
Insert into CAPACITACION.ADDRESS_JP (ID,STREET,"Number",CITY,STATE,COUNTRY) values (9,'55','548 Piso 1 Depto B','La Plata','Buenos Aires','Argentina');
Insert into CAPACITACION.ADDRESS_JP (ID,STREET,"Number",CITY,STATE,COUNTRY) values (2,'55','555','LP','BsAs','Arg');
REM INSERTING into CAPACITACION.BC_CAPABILITY
SET DEFINE OFF;
Insert into CAPACITACION.BC_CAPABILITY (ID,NAME,SERVICE_ID,CREATIONDATE,ENABLED) values (3,'Get',1,to_date('21-MAR-17','DD-MON-RR'),1);
Insert into CAPACITACION.BC_CAPABILITY (ID,NAME,SERVICE_ID,CREATIONDATE,ENABLED) values (4,'Create',1,to_date('21-MAR-17','DD-MON-RR'),1);
REM INSERTING into CAPACITACION.BC_CONFIG
SET DEFINE OFF;
REM INSERTING into CAPACITACION.BC_CONFIG_LIST
SET DEFINE OFF;
REM INSERTING into CAPACITACION.BC_CONFIG_PROPERTY
SET DEFINE OFF;
REM INSERTING into CAPACITACION.BC_LOG
SET DEFINE OFF;
REM INSERTING into CAPACITACION.BC_LOG_V2
SET DEFINE OFF;
Insert into CAPACITACION.BC_LOG_V2 (MESSAGE_ID,PLACE_HOLDER,SERVICE_NAME,SEVERITY,PROVIDER_NAME,OPERATION,CREATIONDATE) values ('123-123-TEST','VALIDATION','CONSUMER','INFO','providerName','Get',to_date('20-MAR-17','DD-MON-RR'));
REM INSERTING into CAPACITACION.BC_PARAMETER
SET DEFINE OFF;
Insert into CAPACITACION.BC_PARAMETER (KEY,VALUE) values ('capacitacion','2017');
REM INSERTING into CAPACITACION.BC_SERVICE
SET DEFINE OFF;
Insert into CAPACITACION.BC_SERVICE (ID,NAME,ENABLED,CREATIONDATE) values (1,'Client',1,to_date('21-MAR-17','DD-MON-RR'));
REM INSERTING into CAPACITACION.BC_TRANSACTION
SET DEFINE OFF;
REM INSERTING into CAPACITACION.CLIENTE_BD
SET DEFINE OFF;
Insert into CAPACITACION.CLIENTE_BD (ID,NOMBRE,APELLIDO,TIPO_DOC,NUMERO_DOC,DIRECCION) values (27,'string','string','string',33745728,25);
Insert into CAPACITACION.CLIENTE_BD (ID,NOMBRE,APELLIDO,TIPO_DOC,NUMERO_DOC,DIRECCION) values (23,'strinhjjgg','string','DNI',33745728,23);
Insert into CAPACITACION.CLIENTE_BD (ID,NOMBRE,APELLIDO,TIPO_DOC,NUMERO_DOC,DIRECCION) values (24,'maxi','string','DNI',33745728,24);
REM INSERTING into CAPACITACION.CLIENTE_CHRISTIAN
SET DEFINE OFF;
Insert into CAPACITACION.CLIENTE_CHRISTIAN (ID,ID_DIRECCION,TIPO,NUMERO,NOMBRE,APELLIDO) values (5,13,'DNI',92847474,'CJ','Hirache');
Insert into CAPACITACION.CLIENTE_CHRISTIAN (ID,ID_DIRECCION,TIPO,NUMERO,NOMBRE,APELLIDO) values (6,22,'CUIT',22445333,'Cxxx','Jxxxxx');
Insert into CAPACITACION.CLIENTE_CHRISTIAN (ID,ID_DIRECCION,TIPO,NUMERO,NOMBRE,APELLIDO) values (7,25,'CUIT',33745728,'CXsdXXX','sfsdd');
Insert into CAPACITACION.CLIENTE_CHRISTIAN (ID,ID_DIRECCION,TIPO,NUMERO,NOMBRE,APELLIDO) values (8,26,'DNI',33745728,'Recent_1','Aellido_2');
Insert into CAPACITACION.CLIENTE_CHRISTIAN (ID,ID_DIRECCION,TIPO,NUMERO,NOMBRE,APELLIDO) values (9,27,'DNI',33745728,'Recent_1','Aellido_2');
Insert into CAPACITACION.CLIENTE_CHRISTIAN (ID,ID_DIRECCION,TIPO,NUMERO,NOMBRE,APELLIDO) values (10,28,'DNI',33745728,'Recent_1','Aellido_2');
Insert into CAPACITACION.CLIENTE_CHRISTIAN (ID,ID_DIRECCION,TIPO,NUMERO,NOMBRE,APELLIDO) values (11,29,'DNI',33745728,'Recent_233','Aellido_455');
Insert into CAPACITACION.CLIENTE_CHRISTIAN (ID,ID_DIRECCION,TIPO,NUMERO,NOMBRE,APELLIDO) values (13,31,'DNI',33745728,'BREN','string');
Insert into CAPACITACION.CLIENTE_CHRISTIAN (ID,ID_DIRECCION,TIPO,NUMERO,NOMBRE,APELLIDO) values (14,32,'string',33745728,'string','string');
Insert into CAPACITACION.CLIENTE_CHRISTIAN (ID,ID_DIRECCION,TIPO,NUMERO,NOMBRE,APELLIDO) values (15,33,'string',33745728,'BREN','string');
Insert into CAPACITACION.CLIENTE_CHRISTIAN (ID,ID_DIRECCION,TIPO,NUMERO,NOMBRE,APELLIDO) values (16,34,'DNI',45455655,'Chros','JESEE');
Insert into CAPACITACION.CLIENTE_CHRISTIAN (ID,ID_DIRECCION,TIPO,NUMERO,NOMBRE,APELLIDO) values (4,10,'123',1,'123','123');
Insert into CAPACITACION.CLIENTE_CHRISTIAN (ID,ID_DIRECCION,TIPO,NUMERO,NOMBRE,APELLIDO) values (12,11,'string',1000,'string','Mi apellido');
REM INSERTING into CAPACITACION.CLIENTE_PEDRO
SET DEFINE OFF;
Insert into CAPACITACION.CLIENTE_PEDRO (ID,TIPO,NUMERO,NOMBRE,APELLIDO,ID_DIRECCION) values (1,'DNI',34954115,'PEDRO','GONZALEZ','1');
Insert into CAPACITACION.CLIENTE_PEDRO (ID,TIPO,NUMERO,NOMBRE,APELLIDO,ID_DIRECCION) values (3,'dni',34954115,'facundo','villarreal','2');
Insert into CAPACITACION.CLIENTE_PEDRO (ID,TIPO,NUMERO,NOMBRE,APELLIDO,ID_DIRECCION) values (11,'dni',33745728,'julian','fonseca','11');
Insert into CAPACITACION.CLIENTE_PEDRO (ID,TIPO,NUMERO,NOMBRE,APELLIDO,ID_DIRECCION) values (12,'dni',33745728,'pepito','conejo','12');
REM INSERTING into CAPACITACION.CLIENTE_ROCIO
SET DEFINE OFF;
Insert into CAPACITACION.CLIENTE_ROCIO (ID,TIPO_DOCUMENTO,NUMERO_DOCUMENTO,NOMBRE,APELLIDO,ID_DIRECCION) values (1,'DNI',33755765,'A','B',1);
Insert into CAPACITACION.CLIENTE_ROCIO (ID,TIPO_DOCUMENTO,NUMERO_DOCUMENTO,NOMBRE,APELLIDO,ID_DIRECCION) values (4,'dni',33287654,'rocio','calanna',4);
Insert into CAPACITACION.CLIENTE_ROCIO (ID,TIPO_DOCUMENTO,NUMERO_DOCUMENTO,NOMBRE,APELLIDO,ID_DIRECCION) values (5,'dni',33287654,'rocio','calanna',5);
Insert into CAPACITACION.CLIENTE_ROCIO (ID,TIPO_DOCUMENTO,NUMERO_DOCUMENTO,NOMBRE,APELLIDO,ID_DIRECCION) values (6,'dni',33287654,'rocio','calanna',6);
Insert into CAPACITACION.CLIENTE_ROCIO (ID,TIPO_DOCUMENTO,NUMERO_DOCUMENTO,NOMBRE,APELLIDO,ID_DIRECCION) values (7,'string',33745728,'string','string',10);
Insert into CAPACITACION.CLIENTE_ROCIO (ID,TIPO_DOCUMENTO,NUMERO_DOCUMENTO,NOMBRE,APELLIDO,ID_DIRECCION) values (8,'string',33745728,'string','string',11);
Insert into CAPACITACION.CLIENTE_ROCIO (ID,TIPO_DOCUMENTO,NUMERO_DOCUMENTO,NOMBRE,APELLIDO,ID_DIRECCION) values (9,'dni',33745728,'ro','calanna',12);
Insert into CAPACITACION.CLIENTE_ROCIO (ID,TIPO_DOCUMENTO,NUMERO_DOCUMENTO,NOMBRE,APELLIDO,ID_DIRECCION) values (10,'dni',33745728,'ro','calanna',13);
Insert into CAPACITACION.CLIENTE_ROCIO (ID,TIPO_DOCUMENTO,NUMERO_DOCUMENTO,NOMBRE,APELLIDO,ID_DIRECCION) values (13,'string',33745728,'string','string',14);
Insert into CAPACITACION.CLIENTE_ROCIO (ID,TIPO_DOCUMENTO,NUMERO_DOCUMENTO,NOMBRE,APELLIDO,ID_DIRECCION) values (15,'STRING',33745728,'string','string',15);
Insert into CAPACITACION.CLIENTE_ROCIO (ID,TIPO_DOCUMENTO,NUMERO_DOCUMENTO,NOMBRE,APELLIDO,ID_DIRECCION) values (24,'LED',33745728,'string','string',16);
REM INSERTING into CAPACITACION.CLIENTE_ZUCO
SET DEFINE OFF;
Insert into CAPACITACION.CLIENTE_ZUCO (ID,TIPO,NOMBRE,NUMERO_DOC,APELLIDO,ID_DIRECCION) values (1,'string','string',1000,'string',1);
Insert into CAPACITACION.CLIENTE_ZUCO (ID,TIPO,NOMBRE,NUMERO_DOC,APELLIDO,ID_DIRECCION) values (2,'string','string',1000,'string',2);
Insert into CAPACITACION.CLIENTE_ZUCO (ID,TIPO,NOMBRE,NUMERO_DOC,APELLIDO,ID_DIRECCION) values (13,'DNI','string',33745728,'string',3);
REM INSERTING into CAPACITACION.CLIENT_JP
SET DEFINE OFF;
Insert into CAPACITACION.CLIENT_JP (ID,ADDRESS_ID,DOC_TYPE,DOC_NUMBER,NAME,LAST_NAME) values (2,3,'DNI',33445333,'James','Osborn');
Insert into CAPACITACION.CLIENT_JP (ID,ADDRESS_ID,DOC_TYPE,DOC_NUMBER,NAME,LAST_NAME) values (5,6,'DNI',33777333,'Gustavo','Cerati');
Insert into CAPACITACION.CLIENT_JP (ID,ADDRESS_ID,DOC_TYPE,DOC_NUMBER,NAME,LAST_NAME) values (8,9,'DNI',33745728,'string','string');
Insert into CAPACITACION.CLIENT_JP (ID,ADDRESS_ID,DOC_TYPE,DOC_NUMBER,NAME,LAST_NAME) values (1,2,'DNI',33745728,'Juan','Pablo');
REM INSERTING into CAPACITACION.DIRECCION_BD
SET DEFINE OFF;
Insert into CAPACITACION.DIRECCION_BD (ID,LOCALIDAD,PROVINCIA,PAIS,NUMERO,CALLE) values (23,'La Plata','Buenos Aires','Argentina','548','55');
Insert into CAPACITACION.DIRECCION_BD (ID,LOCALIDAD,PROVINCIA,PAIS,NUMERO,CALLE) values (24,'La Plata','Buenos Aires','Argentina','548','55');
Insert into CAPACITACION.DIRECCION_BD (ID,LOCALIDAD,PROVINCIA,PAIS,NUMERO,CALLE) values (25,'La Plata','Buenos Aires','Argentina','548','55');
Insert into CAPACITACION.DIRECCION_BD (ID,LOCALIDAD,PROVINCIA,PAIS,NUMERO,CALLE) values (21,'La Plata','Buenos Aires','Argentina','548','55');
Insert into CAPACITACION.DIRECCION_BD (ID,LOCALIDAD,PROVINCIA,PAIS,NUMERO,CALLE) values (22,'La Plata','Buenos Aires','Argentina','548','55');
REM INSERTING into CAPACITACION.DIRECCION_CHRISTIAN
SET DEFINE OFF;
Insert into CAPACITACION.DIRECCION_CHRISTIAN (ID,LOCALIDAD,PROVINCIA,PAIS,CALLE,NUMERO) values (13,'LP','Bs As','ARG','diagonal 80','numero 734');
Insert into CAPACITACION.DIRECCION_CHRISTIAN (ID,LOCALIDAD,PROVINCIA,PAIS,CALLE,NUMERO) values (22,'LP','BS AS','AR','34','numero 45');
Insert into CAPACITACION.DIRECCION_CHRISTIAN (ID,LOCALIDAD,PROVINCIA,PAIS,CALLE,NUMERO) values (25,'La Plata','Buenos Aires','Argentina','55','548 piso:1 depto:B');
Insert into CAPACITACION.DIRECCION_CHRISTIAN (ID,LOCALIDAD,PROVINCIA,PAIS,CALLE,NUMERO) values (26,'La Plata','Buenos Aires','Argentina','55','548 piso:1 depto:B');
Insert into CAPACITACION.DIRECCION_CHRISTIAN (ID,LOCALIDAD,PROVINCIA,PAIS,CALLE,NUMERO) values (27,'La Plata','Buenos Aires','Argentina','55','548 piso:1 depto:B');
Insert into CAPACITACION.DIRECCION_CHRISTIAN (ID,LOCALIDAD,PROVINCIA,PAIS,CALLE,NUMERO) values (28,'La Plata','Buenos Aires','Argentina','55','548 piso:1 depto:B');
Insert into CAPACITACION.DIRECCION_CHRISTIAN (ID,LOCALIDAD,PROVINCIA,PAIS,CALLE,NUMERO) values (29,'La Plata','Buenos Aires','Argentina','55','548 piso:1 depto:B');
Insert into CAPACITACION.DIRECCION_CHRISTIAN (ID,LOCALIDAD,PROVINCIA,PAIS,CALLE,NUMERO) values (30,'La Plata','Buenos Aires','Argentina','55','548 piso:1 depto:B');
Insert into CAPACITACION.DIRECCION_CHRISTIAN (ID,LOCALIDAD,PROVINCIA,PAIS,CALLE,NUMERO) values (31,'La Plata','Buenos Aires','Argentina','55','548 piso:1 depto:B');
Insert into CAPACITACION.DIRECCION_CHRISTIAN (ID,LOCALIDAD,PROVINCIA,PAIS,CALLE,NUMERO) values (32,'La Plata','Buenos Aires','Argentina','55','548 piso:1 depto:B');
Insert into CAPACITACION.DIRECCION_CHRISTIAN (ID,LOCALIDAD,PROVINCIA,PAIS,CALLE,NUMERO) values (33,'La Plata','Buenos Aires','Argentina','55','548 piso:1 depto:B');
Insert into CAPACITACION.DIRECCION_CHRISTIAN (ID,LOCALIDAD,PROVINCIA,PAIS,CALLE,NUMERO) values (34,'LP','string','string','string','string');
Insert into CAPACITACION.DIRECCION_CHRISTIAN (ID,LOCALIDAD,PROVINCIA,PAIS,CALLE,NUMERO) values (10,'123','123','123','123','123');
Insert into CAPACITACION.DIRECCION_CHRISTIAN (ID,LOCALIDAD,PROVINCIA,PAIS,CALLE,NUMERO) values (16,'La Plata','Mi Provincia','Argentina','55','548 - B - 1');
Insert into CAPACITACION.DIRECCION_CHRISTIAN (ID,LOCALIDAD,PROVINCIA,PAIS,CALLE,NUMERO) values (18,'La Plata','Mi Provincia','Argentina','55','548 - B - 1');
Insert into CAPACITACION.DIRECCION_CHRISTIAN (ID,LOCALIDAD,PROVINCIA,PAIS,CALLE,NUMERO) values (11,'string','Mi Provincia','string','1000.00','1000.00');
Insert into CAPACITACION.DIRECCION_CHRISTIAN (ID,LOCALIDAD,PROVINCIA,PAIS,CALLE,NUMERO) values (14,'La Plata','Mi Provincia','Argentina','55','548');
Insert into CAPACITACION.DIRECCION_CHRISTIAN (ID,LOCALIDAD,PROVINCIA,PAIS,CALLE,NUMERO) values (20,'La Plata','Mi Provincia','Argentina','55','548 - B - 1');
Insert into CAPACITACION.DIRECCION_CHRISTIAN (ID,LOCALIDAD,PROVINCIA,PAIS,CALLE,NUMERO) values (23,'La Plata','Mi Provincia','Argentina','55','548 - B - 1');
REM INSERTING into CAPACITACION.DIRECCION_PEDRO
SET DEFINE OFF;
Insert into CAPACITACION.DIRECCION_PEDRO (ID,LOCALIDAD,PROVINCIA,PAIS,CALLE,NUMERO) values (1,'LA PLATA','BS AS ','ARG','144','1121');
Insert into CAPACITACION.DIRECCION_PEDRO (ID,LOCALIDAD,PROVINCIA,PAIS,CALLE,NUMERO) values (3,'lp','bs as','arg','145','2648');
Insert into CAPACITACION.DIRECCION_PEDRO (ID,LOCALIDAD,PROVINCIA,PAIS,CALLE,NUMERO) values (4,'La Plata','Buenos Aires','Argentina','55','548 depto B piso 1');
Insert into CAPACITACION.DIRECCION_PEDRO (ID,LOCALIDAD,PROVINCIA,PAIS,CALLE,NUMERO) values (5,'La Plata','Buenos Aires','Argentina','55','548 depto B piso 1');
Insert into CAPACITACION.DIRECCION_PEDRO (ID,LOCALIDAD,PROVINCIA,PAIS,CALLE,NUMERO) values (6,'La Plata','Buenos Aires','Argentina','55','548 depto B piso 1');
Insert into CAPACITACION.DIRECCION_PEDRO (ID,LOCALIDAD,PROVINCIA,PAIS,CALLE,NUMERO) values (7,'La Plata','Buenos Aires','Argentina','55','548 depto B piso 1');
Insert into CAPACITACION.DIRECCION_PEDRO (ID,LOCALIDAD,PROVINCIA,PAIS,CALLE,NUMERO) values (8,'La Plata','Buenos Aires','Argentina','55','548 depto B piso 1');
Insert into CAPACITACION.DIRECCION_PEDRO (ID,LOCALIDAD,PROVINCIA,PAIS,CALLE,NUMERO) values (9,'La Plata','Buenos Aires','Argentina','55','548 depto B piso 1');
Insert into CAPACITACION.DIRECCION_PEDRO (ID,LOCALIDAD,PROVINCIA,PAIS,CALLE,NUMERO) values (11,'La Plata','Buenos Aires','Argentina','55','548 depto B piso 1');
Insert into CAPACITACION.DIRECCION_PEDRO (ID,LOCALIDAD,PROVINCIA,PAIS,CALLE,NUMERO) values (12,'La Plata','Buenos Aires','Argentina','55','548 depto B piso 1');
Insert into CAPACITACION.DIRECCION_PEDRO (ID,LOCALIDAD,PROVINCIA,PAIS,CALLE,NUMERO) values (13,'La Plata','Buenos Aires','Argentina','55','548 depto B piso 1');
REM INSERTING into CAPACITACION.DIRECCION_ROCIO
SET DEFINE OFF;
Insert into CAPACITACION.DIRECCION_ROCIO (ID,CALLE,NUMERO,LOCALIDAD,PROVINCIA,PAIS) values (1,'113','345','FGH','FGT','DER');
Insert into CAPACITACION.DIRECCION_ROCIO (ID,CALLE,NUMERO,LOCALIDAD,PROVINCIA,PAIS) values (4,'119','1672','lp','bs as','arg');
Insert into CAPACITACION.DIRECCION_ROCIO (ID,CALLE,NUMERO,LOCALIDAD,PROVINCIA,PAIS) values (5,'119','1672','lp','bs as','arg');
Insert into CAPACITACION.DIRECCION_ROCIO (ID,CALLE,NUMERO,LOCALIDAD,PROVINCIA,PAIS) values (6,'119','1672','lp','bs as','arg');
Insert into CAPACITACION.DIRECCION_ROCIO (ID,CALLE,NUMERO,LOCALIDAD,PROVINCIA,PAIS) values (10,'55','548 depto= B piso= 1','La Plata','Buenos Aires','La Plata');
Insert into CAPACITACION.DIRECCION_ROCIO (ID,CALLE,NUMERO,LOCALIDAD,PROVINCIA,PAIS) values (11,'55','548 depto= B piso= 1','La Plata','Buenos Aires','La Plata');
Insert into CAPACITACION.DIRECCION_ROCIO (ID,CALLE,NUMERO,LOCALIDAD,PROVINCIA,PAIS) values (12,'55','548 depto= B piso= 1','La Plata','Buenos Aires','La Plata');
Insert into CAPACITACION.DIRECCION_ROCIO (ID,CALLE,NUMERO,LOCALIDAD,PROVINCIA,PAIS) values (13,'55','548 depto= B piso= 1','La Plata','Buenos Aires','La Plata');
Insert into CAPACITACION.DIRECCION_ROCIO (ID,CALLE,NUMERO,LOCALIDAD,PROVINCIA,PAIS) values (14,'55','548 depto= B piso= 1','La Plata','Buenos Aires','La Plata');
Insert into CAPACITACION.DIRECCION_ROCIO (ID,CALLE,NUMERO,LOCALIDAD,PROVINCIA,PAIS) values (15,'55','548 depto= B piso= 1','La Plata','Buenos Aires','La Plata');
Insert into CAPACITACION.DIRECCION_ROCIO (ID,CALLE,NUMERO,LOCALIDAD,PROVINCIA,PAIS) values (16,'55','548 depto= B piso= 1','La Plata','Buenos Aires','La Plata');
REM INSERTING into CAPACITACION.DIRECCION_ZUCO
SET DEFINE OFF;
Insert into CAPACITACION.DIRECCION_ZUCO (ID,LOCALIDAD,PROVINCIA,PAIS,CALLE,NUMERO) values (1,'string','string','string','string','string');
Insert into CAPACITACION.DIRECCION_ZUCO (ID,LOCALIDAD,PROVINCIA,PAIS,CALLE,NUMERO) values (2,'string','string','string','string','string');
Insert into CAPACITACION.DIRECCION_ZUCO (ID,LOCALIDAD,PROVINCIA,PAIS,CALLE,NUMERO) values (3,'La Plata','Buenos Aires','Argentina','55','548-1-B');
--------------------------------------------------------
--  DDL for Index SERVICE_UNAME
--------------------------------------------------------

  CREATE UNIQUE INDEX "CAPACITACION"."SERVICE_UNAME" ON "CAPACITACION"."BC_SERVICE" ("NAME") 
  PCTFREE 10 INITRANS 2 MAXTRANS 255 COMPUTE STATISTICS 
  STORAGE(INITIAL 65536 NEXT 1048576 MINEXTENTS 1 MAXEXTENTS 2147483645
  PCTINCREASE 0 FREELISTS 1 FREELIST GROUPS 1
  BUFFER_POOL DEFAULT FLASH_CACHE DEFAULT CELL_FLASH_CACHE DEFAULT)
  TABLESPACE "USERS" ;
--------------------------------------------------------
--  DDL for Index DIRECCION_CHRISTIAN_PK
--------------------------------------------------------

  CREATE UNIQUE INDEX "CAPACITACION"."DIRECCION_CHRISTIAN_PK" ON "CAPACITACION"."DIRECCION_CHRISTIAN" ("ID") 
  PCTFREE 10 INITRANS 2 MAXTRANS 255 COMPUTE STATISTICS 
  STORAGE(INITIAL 65536 NEXT 1048576 MINEXTENTS 1 MAXEXTENTS 2147483645
  PCTINCREASE 0 FREELISTS 1 FREELIST GROUPS 1
  BUFFER_POOL DEFAULT FLASH_CACHE DEFAULT CELL_FLASH_CACHE DEFAULT)
  TABLESPACE "USERS" ;
--------------------------------------------------------
--  DDL for Index DIRECCION_ZUCO_PK
--------------------------------------------------------

  CREATE UNIQUE INDEX "CAPACITACION"."DIRECCION_ZUCO_PK" ON "CAPACITACION"."DIRECCION_ZUCO" ("ID") 
  PCTFREE 10 INITRANS 2 MAXTRANS 255 COMPUTE STATISTICS 
  STORAGE(INITIAL 65536 NEXT 1048576 MINEXTENTS 1 MAXEXTENTS 2147483645
  PCTINCREASE 0 FREELISTS 1 FREELIST GROUPS 1
  BUFFER_POOL DEFAULT FLASH_CACHE DEFAULT CELL_FLASH_CACHE DEFAULT)
  TABLESPACE "USERS" ;
--------------------------------------------------------
--  DDL for Index CONFIG_PROPERTY_UNAME
--------------------------------------------------------

  CREATE UNIQUE INDEX "CAPACITACION"."CONFIG_PROPERTY_UNAME" ON "CAPACITACION"."BC_CONFIG_PROPERTY" ("NAME") 
  PCTFREE 10 INITRANS 2 MAXTRANS 255 COMPUTE STATISTICS 
  TABLESPACE "USERS" ;
--------------------------------------------------------
--  DDL for Index CLIENTE_ROCIO_PK
--------------------------------------------------------

  CREATE UNIQUE INDEX "CAPACITACION"."CLIENTE_ROCIO_PK" ON "CAPACITACION"."CLIENTE_ROCIO" ("ID") 
  PCTFREE 10 INITRANS 2 MAXTRANS 255 COMPUTE STATISTICS 
  STORAGE(INITIAL 65536 NEXT 1048576 MINEXTENTS 1 MAXEXTENTS 2147483645
  PCTINCREASE 0 FREELISTS 1 FREELIST GROUPS 1
  BUFFER_POOL DEFAULT FLASH_CACHE DEFAULT CELL_FLASH_CACHE DEFAULT)
  TABLESPACE "USERS" ;
--------------------------------------------------------
--  DDL for Index LOG_PK
--------------------------------------------------------

  CREATE UNIQUE INDEX "CAPACITACION"."LOG_PK" ON "CAPACITACION"."BC_LOG" ("ID") 
  PCTFREE 10 INITRANS 2 MAXTRANS 255 COMPUTE STATISTICS 
  TABLESPACE "USERS" ;
--------------------------------------------------------
--  DDL for Index ADDRESS_PK
--------------------------------------------------------

  CREATE UNIQUE INDEX "CAPACITACION"."ADDRESS_PK" ON "CAPACITACION"."ADDRESS_JP" ("ID") 
  PCTFREE 10 INITRANS 2 MAXTRANS 255 COMPUTE STATISTICS 
  STORAGE(INITIAL 65536 NEXT 1048576 MINEXTENTS 1 MAXEXTENTS 2147483645
  PCTINCREASE 0 FREELISTS 1 FREELIST GROUPS 1
  BUFFER_POOL DEFAULT FLASH_CACHE DEFAULT CELL_FLASH_CACHE DEFAULT)
  TABLESPACE "USERS" ;
--------------------------------------------------------
--  DDL for Index CONFIG_PK
--------------------------------------------------------

  CREATE UNIQUE INDEX "CAPACITACION"."CONFIG_PK" ON "CAPACITACION"."BC_CONFIG" ("ID") 
  PCTFREE 10 INITRANS 2 MAXTRANS 255 COMPUTE STATISTICS 
  TABLESPACE "USERS" ;
--------------------------------------------------------
--  DDL for Index CONFIG_LIST_U
--------------------------------------------------------

  CREATE UNIQUE INDEX "CAPACITACION"."CONFIG_LIST_U" ON "CAPACITACION"."BC_CONFIG_LIST" ("CONFIG_ID", "CONFIG_PROPERTY_ID") 
  PCTFREE 10 INITRANS 2 MAXTRANS 255 COMPUTE STATISTICS 
  TABLESPACE "USERS" ;
--------------------------------------------------------
--  DDL for Index CLIENTE_PEDRO_PK
--------------------------------------------------------

  CREATE UNIQUE INDEX "CAPACITACION"."CLIENTE_PEDRO_PK" ON "CAPACITACION"."CLIENTE_PEDRO" ("ID") 
  PCTFREE 10 INITRANS 2 MAXTRANS 255 COMPUTE STATISTICS 
  STORAGE(INITIAL 65536 NEXT 1048576 MINEXTENTS 1 MAXEXTENTS 2147483645
  PCTINCREASE 0 FREELISTS 1 FREELIST GROUPS 1
  BUFFER_POOL DEFAULT FLASH_CACHE DEFAULT CELL_FLASH_CACHE DEFAULT)
  TABLESPACE "USERS" ;
--------------------------------------------------------
--  DDL for Index CONFIG_PROPERTY_PK
--------------------------------------------------------

  CREATE UNIQUE INDEX "CAPACITACION"."CONFIG_PROPERTY_PK" ON "CAPACITACION"."BC_CONFIG_PROPERTY" ("ID") 
  PCTFREE 10 INITRANS 2 MAXTRANS 255 COMPUTE STATISTICS 
  TABLESPACE "USERS" ;
--------------------------------------------------------
--  DDL for Index CONFIG_LIST_PK
--------------------------------------------------------

  CREATE UNIQUE INDEX "CAPACITACION"."CONFIG_LIST_PK" ON "CAPACITACION"."BC_CONFIG_LIST" ("ID") 
  PCTFREE 10 INITRANS 2 MAXTRANS 255 COMPUTE STATISTICS 
  TABLESPACE "USERS" ;
--------------------------------------------------------
--  DDL for Index CLIENTE_ZUCO_PK
--------------------------------------------------------

  CREATE UNIQUE INDEX "CAPACITACION"."CLIENTE_ZUCO_PK" ON "CAPACITACION"."CLIENTE_ZUCO" ("ID") 
  PCTFREE 10 INITRANS 2 MAXTRANS 255 COMPUTE STATISTICS 
  STORAGE(INITIAL 65536 NEXT 1048576 MINEXTENTS 1 MAXEXTENTS 2147483645
  PCTINCREASE 0 FREELISTS 1 FREELIST GROUPS 1
  BUFFER_POOL DEFAULT FLASH_CACHE DEFAULT CELL_FLASH_CACHE DEFAULT)
  TABLESPACE "USERS" ;
--------------------------------------------------------
--  DDL for Index CAPABILITY_PK
--------------------------------------------------------

  CREATE UNIQUE INDEX "CAPACITACION"."CAPABILITY_PK" ON "CAPACITACION"."BC_CAPABILITY" ("ID") 
  PCTFREE 10 INITRANS 2 MAXTRANS 255 COMPUTE STATISTICS 
  STORAGE(INITIAL 65536 NEXT 1048576 MINEXTENTS 1 MAXEXTENTS 2147483645
  PCTINCREASE 0 FREELISTS 1 FREELIST GROUPS 1
  BUFFER_POOL DEFAULT FLASH_CACHE DEFAULT CELL_FLASH_CACHE DEFAULT)
  TABLESPACE "USERS" ;
--------------------------------------------------------
--  DDL for Index TRANSACTION_UUUID
--------------------------------------------------------

  CREATE UNIQUE INDEX "CAPACITACION"."TRANSACTION_UUUID" ON "CAPACITACION"."BC_TRANSACTION" ("UUID") 
  PCTFREE 10 INITRANS 2 MAXTRANS 255 COMPUTE STATISTICS 
  STORAGE(INITIAL 65536 NEXT 1048576 MINEXTENTS 1 MAXEXTENTS 2147483645
  PCTINCREASE 0 FREELISTS 1 FREELIST GROUPS 1
  BUFFER_POOL DEFAULT FLASH_CACHE DEFAULT CELL_FLASH_CACHE DEFAULT)
  TABLESPACE "USERS" ;
--------------------------------------------------------
--  DDL for Index CLIENTE_CHRISTIAN_PK
--------------------------------------------------------

  CREATE UNIQUE INDEX "CAPACITACION"."CLIENTE_CHRISTIAN_PK" ON "CAPACITACION"."CLIENTE_CHRISTIAN" ("ID") 
  PCTFREE 10 INITRANS 2 MAXTRANS 255 COMPUTE STATISTICS 
  STORAGE(INITIAL 65536 NEXT 1048576 MINEXTENTS 1 MAXEXTENTS 2147483645
  PCTINCREASE 0 FREELISTS 1 FREELIST GROUPS 1
  BUFFER_POOL DEFAULT FLASH_CACHE DEFAULT CELL_FLASH_CACHE DEFAULT)
  TABLESPACE "USERS" ;
--------------------------------------------------------
--  DDL for Index SERVICE_PK
--------------------------------------------------------

  CREATE UNIQUE INDEX "CAPACITACION"."SERVICE_PK" ON "CAPACITACION"."BC_SERVICE" ("ID") 
  PCTFREE 10 INITRANS 2 MAXTRANS 255 COMPUTE STATISTICS 
  STORAGE(INITIAL 65536 NEXT 1048576 MINEXTENTS 1 MAXEXTENTS 2147483645
  PCTINCREASE 0 FREELISTS 1 FREELIST GROUPS 1
  BUFFER_POOL DEFAULT FLASH_CACHE DEFAULT CELL_FLASH_CACHE DEFAULT)
  TABLESPACE "USERS" ;
--------------------------------------------------------
--  DDL for Index DIRECCION_PEDRO_PK
--------------------------------------------------------

  CREATE UNIQUE INDEX "CAPACITACION"."DIRECCION_PEDRO_PK" ON "CAPACITACION"."DIRECCION_PEDRO" ("ID") 
  PCTFREE 10 INITRANS 2 MAXTRANS 255 COMPUTE STATISTICS 
  STORAGE(INITIAL 65536 NEXT 1048576 MINEXTENTS 1 MAXEXTENTS 2147483645
  PCTINCREASE 0 FREELISTS 1 FREELIST GROUPS 1
  BUFFER_POOL DEFAULT FLASH_CACHE DEFAULT CELL_FLASH_CACHE DEFAULT)
  TABLESPACE "USERS" ;
--------------------------------------------------------
--  DDL for Index DIRECCION_ROCIO_PK
--------------------------------------------------------

  CREATE UNIQUE INDEX "CAPACITACION"."DIRECCION_ROCIO_PK" ON "CAPACITACION"."DIRECCION_ROCIO" ("ID") 
  PCTFREE 10 INITRANS 2 MAXTRANS 255 COMPUTE STATISTICS 
  STORAGE(INITIAL 65536 NEXT 1048576 MINEXTENTS 1 MAXEXTENTS 2147483645
  PCTINCREASE 0 FREELISTS 1 FREELIST GROUPS 1
  BUFFER_POOL DEFAULT FLASH_CACHE DEFAULT CELL_FLASH_CACHE DEFAULT)
  TABLESPACE "USERS" ;
--------------------------------------------------------
--  DDL for Index DIRECCION_BD_PK
--------------------------------------------------------

  CREATE UNIQUE INDEX "CAPACITACION"."DIRECCION_BD_PK" ON "CAPACITACION"."DIRECCION_BD" ("ID") 
  PCTFREE 10 INITRANS 2 MAXTRANS 255 COMPUTE STATISTICS 
  STORAGE(INITIAL 65536 NEXT 1048576 MINEXTENTS 1 MAXEXTENTS 2147483645
  PCTINCREASE 0 FREELISTS 1 FREELIST GROUPS 1
  BUFFER_POOL DEFAULT FLASH_CACHE DEFAULT CELL_FLASH_CACHE DEFAULT)
  TABLESPACE "USERS" ;
--------------------------------------------------------
--  DDL for Index CAPABILITY_UNAME
--------------------------------------------------------

  CREATE UNIQUE INDEX "CAPACITACION"."CAPABILITY_UNAME" ON "CAPACITACION"."BC_CAPABILITY" ("NAME") 
  PCTFREE 10 INITRANS 2 MAXTRANS 255 COMPUTE STATISTICS 
  STORAGE(INITIAL 65536 NEXT 1048576 MINEXTENTS 1 MAXEXTENTS 2147483645
  PCTINCREASE 0 FREELISTS 1 FREELIST GROUPS 1
  BUFFER_POOL DEFAULT FLASH_CACHE DEFAULT CELL_FLASH_CACHE DEFAULT)
  TABLESPACE "USERS" ;
--------------------------------------------------------
--  DDL for Index PARAMETER_PK
--------------------------------------------------------

  CREATE UNIQUE INDEX "CAPACITACION"."PARAMETER_PK" ON "CAPACITACION"."BC_PARAMETER" ("KEY") 
  PCTFREE 10 INITRANS 2 MAXTRANS 255 COMPUTE STATISTICS 
  STORAGE(INITIAL 65536 NEXT 1048576 MINEXTENTS 1 MAXEXTENTS 2147483645
  PCTINCREASE 0 FREELISTS 1 FREELIST GROUPS 1
  BUFFER_POOL DEFAULT FLASH_CACHE DEFAULT CELL_FLASH_CACHE DEFAULT)
  TABLESPACE "USERS" ;
--------------------------------------------------------
--  DDL for Index CLIENTE_BD_PK
--------------------------------------------------------

  CREATE UNIQUE INDEX "CAPACITACION"."CLIENTE_BD_PK" ON "CAPACITACION"."CLIENTE_BD" ("ID") 
  PCTFREE 10 INITRANS 2 MAXTRANS 255 COMPUTE STATISTICS 
  STORAGE(INITIAL 65536 NEXT 1048576 MINEXTENTS 1 MAXEXTENTS 2147483645
  PCTINCREASE 0 FREELISTS 1 FREELIST GROUPS 1
  BUFFER_POOL DEFAULT FLASH_CACHE DEFAULT CELL_FLASH_CACHE DEFAULT)
  TABLESPACE "USERS" ;
--------------------------------------------------------
--  DDL for Index CLIENT_PK
--------------------------------------------------------

  CREATE UNIQUE INDEX "CAPACITACION"."CLIENT_PK" ON "CAPACITACION"."CLIENT_JP" ("ID") 
  PCTFREE 10 INITRANS 2 MAXTRANS 255 COMPUTE STATISTICS 
  STORAGE(INITIAL 65536 NEXT 1048576 MINEXTENTS 1 MAXEXTENTS 2147483645
  PCTINCREASE 0 FREELISTS 1 FREELIST GROUPS 1
  BUFFER_POOL DEFAULT FLASH_CACHE DEFAULT CELL_FLASH_CACHE DEFAULT)
  TABLESPACE "USERS" ;
--------------------------------------------------------
--  DDL for Index CONFIG_UNAME
--------------------------------------------------------

  CREATE UNIQUE INDEX "CAPACITACION"."CONFIG_UNAME" ON "CAPACITACION"."BC_CONFIG" ("NAME") 
  PCTFREE 10 INITRANS 2 MAXTRANS 255 COMPUTE STATISTICS 
  TABLESPACE "USERS" ;
--------------------------------------------------------
--  DDL for Index TRANSACTION_PK
--------------------------------------------------------

  CREATE UNIQUE INDEX "CAPACITACION"."TRANSACTION_PK" ON "CAPACITACION"."BC_TRANSACTION" ("ID") 
  PCTFREE 10 INITRANS 2 MAXTRANS 255 COMPUTE STATISTICS 
  STORAGE(INITIAL 65536 NEXT 1048576 MINEXTENTS 1 MAXEXTENTS 2147483645
  PCTINCREASE 0 FREELISTS 1 FREELIST GROUPS 1
  BUFFER_POOL DEFAULT FLASH_CACHE DEFAULT CELL_FLASH_CACHE DEFAULT)
  TABLESPACE "USERS" ;
--------------------------------------------------------
--  Constraints for Table BC_TRANSACTION
--------------------------------------------------------

  ALTER TABLE "CAPACITACION"."BC_TRANSACTION" ADD CONSTRAINT "TRANSACTION_UUUID" UNIQUE ("UUID")
  USING INDEX PCTFREE 10 INITRANS 2 MAXTRANS 255 COMPUTE STATISTICS 
  STORAGE(INITIAL 65536 NEXT 1048576 MINEXTENTS 1 MAXEXTENTS 2147483645
  PCTINCREASE 0 FREELISTS 1 FREELIST GROUPS 1
  BUFFER_POOL DEFAULT FLASH_CACHE DEFAULT CELL_FLASH_CACHE DEFAULT)
  TABLESPACE "USERS"  ENABLE;
  ALTER TABLE "CAPACITACION"."BC_TRANSACTION" ADD CONSTRAINT "TRANSACTION_PK" PRIMARY KEY ("ID")
  USING INDEX PCTFREE 10 INITRANS 2 MAXTRANS 255 COMPUTE STATISTICS 
  STORAGE(INITIAL 65536 NEXT 1048576 MINEXTENTS 1 MAXEXTENTS 2147483645
  PCTINCREASE 0 FREELISTS 1 FREELIST GROUPS 1
  BUFFER_POOL DEFAULT FLASH_CACHE DEFAULT CELL_FLASH_CACHE DEFAULT)
  TABLESPACE "USERS"  ENABLE;
  ALTER TABLE "CAPACITACION"."BC_TRANSACTION" MODIFY ("CREATIONDATE" NOT NULL ENABLE);
  ALTER TABLE "CAPACITACION"."BC_TRANSACTION" MODIFY ("STATUS" NOT NULL ENABLE);
  ALTER TABLE "CAPACITACION"."BC_TRANSACTION" MODIFY ("CAPABILITY_ID" NOT NULL ENABLE);
  ALTER TABLE "CAPACITACION"."BC_TRANSACTION" MODIFY ("UUID" NOT NULL ENABLE);
  ALTER TABLE "CAPACITACION"."BC_TRANSACTION" MODIFY ("ID" NOT NULL ENABLE);
--------------------------------------------------------
--  Constraints for Table BC_CONFIG
--------------------------------------------------------

  ALTER TABLE "CAPACITACION"."BC_CONFIG" ADD CONSTRAINT "CONFIG_UNAME" UNIQUE ("NAME")
  USING INDEX PCTFREE 10 INITRANS 2 MAXTRANS 255 COMPUTE STATISTICS 
  TABLESPACE "USERS"  ENABLE;
  ALTER TABLE "CAPACITACION"."BC_CONFIG" ADD CONSTRAINT "CONFIG_PK" PRIMARY KEY ("ID")
  USING INDEX PCTFREE 10 INITRANS 2 MAXTRANS 255 COMPUTE STATISTICS 
  TABLESPACE "USERS"  ENABLE;
  ALTER TABLE "CAPACITACION"."BC_CONFIG" MODIFY ("CREATIONDATE" NOT NULL ENABLE);
  ALTER TABLE "CAPACITACION"."BC_CONFIG" MODIFY ("ENABLED" NOT NULL ENABLE);
  ALTER TABLE "CAPACITACION"."BC_CONFIG" MODIFY ("NAME" NOT NULL ENABLE);
  ALTER TABLE "CAPACITACION"."BC_CONFIG" MODIFY ("ID" NOT NULL ENABLE);
--------------------------------------------------------
--  Constraints for Table BC_LOG_V2
--------------------------------------------------------

  ALTER TABLE "CAPACITACION"."BC_LOG_V2" ADD PRIMARY KEY ("MESSAGE_ID")
  USING INDEX PCTFREE 10 INITRANS 2 MAXTRANS 255 COMPUTE STATISTICS 
  STORAGE(INITIAL 65536 NEXT 1048576 MINEXTENTS 1 MAXEXTENTS 2147483645
  PCTINCREASE 0 FREELISTS 1 FREELIST GROUPS 1
  BUFFER_POOL DEFAULT FLASH_CACHE DEFAULT CELL_FLASH_CACHE DEFAULT)
  TABLESPACE "USERS"  ENABLE;
--------------------------------------------------------
--  Constraints for Table BC_LOG
--------------------------------------------------------

  ALTER TABLE "CAPACITACION"."BC_LOG" ADD CONSTRAINT "LOG_PK" PRIMARY KEY ("ID")
  USING INDEX PCTFREE 10 INITRANS 2 MAXTRANS 255 COMPUTE STATISTICS 
  TABLESPACE "USERS"  ENABLE;
  ALTER TABLE "CAPACITACION"."BC_LOG" MODIFY ("TIMESTAMP" NOT NULL ENABLE);
  ALTER TABLE "CAPACITACION"."BC_LOG" MODIFY ("STAGE" NOT NULL ENABLE);
  ALTER TABLE "CAPACITACION"."BC_LOG" MODIFY ("COMPONENT" NOT NULL ENABLE);
  ALTER TABLE "CAPACITACION"."BC_LOG" MODIFY ("TRANSACTION_ID" NOT NULL ENABLE);
  ALTER TABLE "CAPACITACION"."BC_LOG" MODIFY ("ID" NOT NULL ENABLE);
--------------------------------------------------------
--  Constraints for Table DIRECCION_BD
--------------------------------------------------------

  ALTER TABLE "CAPACITACION"."DIRECCION_BD" ADD CONSTRAINT "DIRECCION_BD_PK" PRIMARY KEY ("ID")
  USING INDEX PCTFREE 10 INITRANS 2 MAXTRANS 255 COMPUTE STATISTICS 
  STORAGE(INITIAL 65536 NEXT 1048576 MINEXTENTS 1 MAXEXTENTS 2147483645
  PCTINCREASE 0 FREELISTS 1 FREELIST GROUPS 1
  BUFFER_POOL DEFAULT FLASH_CACHE DEFAULT CELL_FLASH_CACHE DEFAULT)
  TABLESPACE "USERS"  ENABLE;
  ALTER TABLE "CAPACITACION"."DIRECCION_BD" MODIFY ("CALLE" NOT NULL ENABLE);
  ALTER TABLE "CAPACITACION"."DIRECCION_BD" MODIFY ("NUMERO" NOT NULL ENABLE);
  ALTER TABLE "CAPACITACION"."DIRECCION_BD" MODIFY ("PAIS" NOT NULL ENABLE);
  ALTER TABLE "CAPACITACION"."DIRECCION_BD" MODIFY ("PROVINCIA" NOT NULL ENABLE);
  ALTER TABLE "CAPACITACION"."DIRECCION_BD" MODIFY ("LOCALIDAD" NOT NULL ENABLE);
  ALTER TABLE "CAPACITACION"."DIRECCION_BD" MODIFY ("ID" NOT NULL ENABLE);
--------------------------------------------------------
--  Constraints for Table CLIENTE_ZUCO
--------------------------------------------------------

  ALTER TABLE "CAPACITACION"."CLIENTE_ZUCO" ADD CONSTRAINT "CLIENTE_ZUCO_PK" PRIMARY KEY ("ID")
  USING INDEX PCTFREE 10 INITRANS 2 MAXTRANS 255 COMPUTE STATISTICS 
  STORAGE(INITIAL 65536 NEXT 1048576 MINEXTENTS 1 MAXEXTENTS 2147483645
  PCTINCREASE 0 FREELISTS 1 FREELIST GROUPS 1
  BUFFER_POOL DEFAULT FLASH_CACHE DEFAULT CELL_FLASH_CACHE DEFAULT)
  TABLESPACE "USERS"  ENABLE;
  ALTER TABLE "CAPACITACION"."CLIENTE_ZUCO" MODIFY ("ID_DIRECCION" NOT NULL ENABLE);
  ALTER TABLE "CAPACITACION"."CLIENTE_ZUCO" MODIFY ("NUMERO_DOC" NOT NULL ENABLE);
  ALTER TABLE "CAPACITACION"."CLIENTE_ZUCO" MODIFY ("ID" NOT NULL ENABLE);
--------------------------------------------------------
--  Constraints for Table ADDRESS_JP
--------------------------------------------------------

  ALTER TABLE "CAPACITACION"."ADDRESS_JP" ADD CONSTRAINT "ADDRESS_PK" PRIMARY KEY ("ID")
  USING INDEX PCTFREE 10 INITRANS 2 MAXTRANS 255 COMPUTE STATISTICS 
  STORAGE(INITIAL 65536 NEXT 1048576 MINEXTENTS 1 MAXEXTENTS 2147483645
  PCTINCREASE 0 FREELISTS 1 FREELIST GROUPS 1
  BUFFER_POOL DEFAULT FLASH_CACHE DEFAULT CELL_FLASH_CACHE DEFAULT)
  TABLESPACE "USERS"  ENABLE;
  ALTER TABLE "CAPACITACION"."ADDRESS_JP" MODIFY ("COUNTRY" NOT NULL ENABLE);
  ALTER TABLE "CAPACITACION"."ADDRESS_JP" MODIFY ("STATE" NOT NULL ENABLE);
  ALTER TABLE "CAPACITACION"."ADDRESS_JP" MODIFY ("CITY" NOT NULL ENABLE);
  ALTER TABLE "CAPACITACION"."ADDRESS_JP" MODIFY ("Number" NOT NULL ENABLE);
  ALTER TABLE "CAPACITACION"."ADDRESS_JP" MODIFY ("STREET" NOT NULL ENABLE);
  ALTER TABLE "CAPACITACION"."ADDRESS_JP" MODIFY ("ID" NOT NULL ENABLE);
--------------------------------------------------------
--  Constraints for Table BC_PARAMETER
--------------------------------------------------------

  ALTER TABLE "CAPACITACION"."BC_PARAMETER" ADD CONSTRAINT "PARAMETER_PK" PRIMARY KEY ("KEY")
  USING INDEX PCTFREE 10 INITRANS 2 MAXTRANS 255 COMPUTE STATISTICS 
  STORAGE(INITIAL 65536 NEXT 1048576 MINEXTENTS 1 MAXEXTENTS 2147483645
  PCTINCREASE 0 FREELISTS 1 FREELIST GROUPS 1
  BUFFER_POOL DEFAULT FLASH_CACHE DEFAULT CELL_FLASH_CACHE DEFAULT)
  TABLESPACE "USERS"  ENABLE;
  ALTER TABLE "CAPACITACION"."BC_PARAMETER" MODIFY ("VALUE" NOT NULL ENABLE);
  ALTER TABLE "CAPACITACION"."BC_PARAMETER" MODIFY ("KEY" NOT NULL ENABLE);
--------------------------------------------------------
--  Constraints for Table DIRECCION_PEDRO
--------------------------------------------------------

  ALTER TABLE "CAPACITACION"."DIRECCION_PEDRO" ADD CONSTRAINT "DIRECCION_PEDRO_PK" PRIMARY KEY ("ID")
  USING INDEX PCTFREE 10 INITRANS 2 MAXTRANS 255 COMPUTE STATISTICS 
  STORAGE(INITIAL 65536 NEXT 1048576 MINEXTENTS 1 MAXEXTENTS 2147483645
  PCTINCREASE 0 FREELISTS 1 FREELIST GROUPS 1
  BUFFER_POOL DEFAULT FLASH_CACHE DEFAULT CELL_FLASH_CACHE DEFAULT)
  TABLESPACE "USERS"  ENABLE;
  ALTER TABLE "CAPACITACION"."DIRECCION_PEDRO" MODIFY ("NUMERO" NOT NULL ENABLE);
  ALTER TABLE "CAPACITACION"."DIRECCION_PEDRO" MODIFY ("CALLE" NOT NULL ENABLE);
  ALTER TABLE "CAPACITACION"."DIRECCION_PEDRO" MODIFY ("PAIS" NOT NULL ENABLE);
  ALTER TABLE "CAPACITACION"."DIRECCION_PEDRO" MODIFY ("PROVINCIA" NOT NULL ENABLE);
  ALTER TABLE "CAPACITACION"."DIRECCION_PEDRO" MODIFY ("LOCALIDAD" NOT NULL ENABLE);
  ALTER TABLE "CAPACITACION"."DIRECCION_PEDRO" MODIFY ("ID" NOT NULL ENABLE);
--------------------------------------------------------
--  Constraints for Table CLIENT_JP
--------------------------------------------------------

  ALTER TABLE "CAPACITACION"."CLIENT_JP" ADD CONSTRAINT "CLIENT_PK" PRIMARY KEY ("ID")
  USING INDEX PCTFREE 10 INITRANS 2 MAXTRANS 255 COMPUTE STATISTICS 
  STORAGE(INITIAL 65536 NEXT 1048576 MINEXTENTS 1 MAXEXTENTS 2147483645
  PCTINCREASE 0 FREELISTS 1 FREELIST GROUPS 1
  BUFFER_POOL DEFAULT FLASH_CACHE DEFAULT CELL_FLASH_CACHE DEFAULT)
  TABLESPACE "USERS"  ENABLE;
  ALTER TABLE "CAPACITACION"."CLIENT_JP" MODIFY ("LAST_NAME" NOT NULL ENABLE);
  ALTER TABLE "CAPACITACION"."CLIENT_JP" MODIFY ("NAME" NOT NULL ENABLE);
  ALTER TABLE "CAPACITACION"."CLIENT_JP" MODIFY ("DOC_NUMBER" NOT NULL ENABLE);
  ALTER TABLE "CAPACITACION"."CLIENT_JP" MODIFY ("DOC_TYPE" NOT NULL ENABLE);
  ALTER TABLE "CAPACITACION"."CLIENT_JP" MODIFY ("ADDRESS_ID" NOT NULL ENABLE);
  ALTER TABLE "CAPACITACION"."CLIENT_JP" MODIFY ("ID" NOT NULL ENABLE);
--------------------------------------------------------
--  Constraints for Table BC_CONFIG_PROPERTY
--------------------------------------------------------

  ALTER TABLE "CAPACITACION"."BC_CONFIG_PROPERTY" ADD CONSTRAINT "CONFIG_PROPERTY_UNAME" UNIQUE ("NAME")
  USING INDEX PCTFREE 10 INITRANS 2 MAXTRANS 255 COMPUTE STATISTICS 
  TABLESPACE "USERS"  ENABLE;
  ALTER TABLE "CAPACITACION"."BC_CONFIG_PROPERTY" ADD CONSTRAINT "CONFIG_PROPERTY_PK" PRIMARY KEY ("ID")
  USING INDEX PCTFREE 10 INITRANS 2 MAXTRANS 255 COMPUTE STATISTICS 
  TABLESPACE "USERS"  ENABLE;
  ALTER TABLE "CAPACITACION"."BC_CONFIG_PROPERTY" MODIFY ("CREATIONDATE" NOT NULL ENABLE);
  ALTER TABLE "CAPACITACION"."BC_CONFIG_PROPERTY" MODIFY ("NAME" NOT NULL ENABLE);
  ALTER TABLE "CAPACITACION"."BC_CONFIG_PROPERTY" MODIFY ("ID" NOT NULL ENABLE);
--------------------------------------------------------
--  Constraints for Table BC_SERVICE
--------------------------------------------------------

  ALTER TABLE "CAPACITACION"."BC_SERVICE" ADD CONSTRAINT "SERVICE_UNAME" UNIQUE ("NAME")
  USING INDEX PCTFREE 10 INITRANS 2 MAXTRANS 255 COMPUTE STATISTICS 
  STORAGE(INITIAL 65536 NEXT 1048576 MINEXTENTS 1 MAXEXTENTS 2147483645
  PCTINCREASE 0 FREELISTS 1 FREELIST GROUPS 1
  BUFFER_POOL DEFAULT FLASH_CACHE DEFAULT CELL_FLASH_CACHE DEFAULT)
  TABLESPACE "USERS"  ENABLE;
  ALTER TABLE "CAPACITACION"."BC_SERVICE" ADD CONSTRAINT "SERVICE_PK" PRIMARY KEY ("ID")
  USING INDEX PCTFREE 10 INITRANS 2 MAXTRANS 255 COMPUTE STATISTICS 
  STORAGE(INITIAL 65536 NEXT 1048576 MINEXTENTS 1 MAXEXTENTS 2147483645
  PCTINCREASE 0 FREELISTS 1 FREELIST GROUPS 1
  BUFFER_POOL DEFAULT FLASH_CACHE DEFAULT CELL_FLASH_CACHE DEFAULT)
  TABLESPACE "USERS"  ENABLE;
  ALTER TABLE "CAPACITACION"."BC_SERVICE" MODIFY ("CREATIONDATE" NOT NULL ENABLE);
  ALTER TABLE "CAPACITACION"."BC_SERVICE" MODIFY ("ENABLED" NOT NULL ENABLE);
  ALTER TABLE "CAPACITACION"."BC_SERVICE" MODIFY ("NAME" NOT NULL ENABLE);
  ALTER TABLE "CAPACITACION"."BC_SERVICE" MODIFY ("ID" NOT NULL ENABLE);
--------------------------------------------------------
--  Constraints for Table CLIENTE_BD
--------------------------------------------------------

  ALTER TABLE "CAPACITACION"."CLIENTE_BD" ADD CONSTRAINT "CLIENTE_BD_PK" PRIMARY KEY ("ID")
  USING INDEX PCTFREE 10 INITRANS 2 MAXTRANS 255 COMPUTE STATISTICS 
  STORAGE(INITIAL 65536 NEXT 1048576 MINEXTENTS 1 MAXEXTENTS 2147483645
  PCTINCREASE 0 FREELISTS 1 FREELIST GROUPS 1
  BUFFER_POOL DEFAULT FLASH_CACHE DEFAULT CELL_FLASH_CACHE DEFAULT)
  TABLESPACE "USERS"  ENABLE;
  ALTER TABLE "CAPACITACION"."CLIENTE_BD" MODIFY ("DIRECCION" NOT NULL ENABLE);
  ALTER TABLE "CAPACITACION"."CLIENTE_BD" MODIFY ("NUMERO_DOC" NOT NULL ENABLE);
  ALTER TABLE "CAPACITACION"."CLIENTE_BD" MODIFY ("TIPO_DOC" NOT NULL ENABLE);
  ALTER TABLE "CAPACITACION"."CLIENTE_BD" MODIFY ("APELLIDO" NOT NULL ENABLE);
  ALTER TABLE "CAPACITACION"."CLIENTE_BD" MODIFY ("NOMBRE" NOT NULL ENABLE);
  ALTER TABLE "CAPACITACION"."CLIENTE_BD" MODIFY ("ID" NOT NULL ENABLE);
--------------------------------------------------------
--  Constraints for Table CLIENTE_CHRISTIAN
--------------------------------------------------------

  ALTER TABLE "CAPACITACION"."CLIENTE_CHRISTIAN" ADD CONSTRAINT "CLIENTE_CHRISTIAN_PK" PRIMARY KEY ("ID")
  USING INDEX PCTFREE 10 INITRANS 2 MAXTRANS 255 COMPUTE STATISTICS 
  STORAGE(INITIAL 65536 NEXT 1048576 MINEXTENTS 1 MAXEXTENTS 2147483645
  PCTINCREASE 0 FREELISTS 1 FREELIST GROUPS 1
  BUFFER_POOL DEFAULT FLASH_CACHE DEFAULT CELL_FLASH_CACHE DEFAULT)
  TABLESPACE "USERS"  ENABLE;
  ALTER TABLE "CAPACITACION"."CLIENTE_CHRISTIAN" MODIFY ("APELLIDO" NOT NULL ENABLE);
  ALTER TABLE "CAPACITACION"."CLIENTE_CHRISTIAN" MODIFY ("NOMBRE" NOT NULL ENABLE);
  ALTER TABLE "CAPACITACION"."CLIENTE_CHRISTIAN" MODIFY ("NUMERO" NOT NULL ENABLE);
  ALTER TABLE "CAPACITACION"."CLIENTE_CHRISTIAN" MODIFY ("TIPO" NOT NULL ENABLE);
  ALTER TABLE "CAPACITACION"."CLIENTE_CHRISTIAN" MODIFY ("ID_DIRECCION" NOT NULL ENABLE);
  ALTER TABLE "CAPACITACION"."CLIENTE_CHRISTIAN" MODIFY ("ID" NOT NULL ENABLE);
--------------------------------------------------------
--  Constraints for Table BC_CAPABILITY
--------------------------------------------------------

  ALTER TABLE "CAPACITACION"."BC_CAPABILITY" ADD CONSTRAINT "CAPABILITY_UNAME" UNIQUE ("NAME")
  USING INDEX PCTFREE 10 INITRANS 2 MAXTRANS 255 COMPUTE STATISTICS 
  STORAGE(INITIAL 65536 NEXT 1048576 MINEXTENTS 1 MAXEXTENTS 2147483645
  PCTINCREASE 0 FREELISTS 1 FREELIST GROUPS 1
  BUFFER_POOL DEFAULT FLASH_CACHE DEFAULT CELL_FLASH_CACHE DEFAULT)
  TABLESPACE "USERS"  ENABLE;
  ALTER TABLE "CAPACITACION"."BC_CAPABILITY" ADD CONSTRAINT "CAPABILITY_PK" PRIMARY KEY ("ID")
  USING INDEX PCTFREE 10 INITRANS 2 MAXTRANS 255 COMPUTE STATISTICS 
  STORAGE(INITIAL 65536 NEXT 1048576 MINEXTENTS 1 MAXEXTENTS 2147483645
  PCTINCREASE 0 FREELISTS 1 FREELIST GROUPS 1
  BUFFER_POOL DEFAULT FLASH_CACHE DEFAULT CELL_FLASH_CACHE DEFAULT)
  TABLESPACE "USERS"  ENABLE;
  ALTER TABLE "CAPACITACION"."BC_CAPABILITY" MODIFY ("ENABLED" NOT NULL ENABLE);
  ALTER TABLE "CAPACITACION"."BC_CAPABILITY" MODIFY ("CREATIONDATE" NOT NULL ENABLE);
  ALTER TABLE "CAPACITACION"."BC_CAPABILITY" MODIFY ("SERVICE_ID" NOT NULL ENABLE);
  ALTER TABLE "CAPACITACION"."BC_CAPABILITY" MODIFY ("NAME" NOT NULL ENABLE);
  ALTER TABLE "CAPACITACION"."BC_CAPABILITY" MODIFY ("ID" NOT NULL ENABLE);
--------------------------------------------------------
--  Constraints for Table DIRECCION_CHRISTIAN
--------------------------------------------------------

  ALTER TABLE "CAPACITACION"."DIRECCION_CHRISTIAN" ADD CONSTRAINT "DIRECCION_CHRISTIAN_PK" PRIMARY KEY ("ID")
  USING INDEX PCTFREE 10 INITRANS 2 MAXTRANS 255 COMPUTE STATISTICS 
  STORAGE(INITIAL 65536 NEXT 1048576 MINEXTENTS 1 MAXEXTENTS 2147483645
  PCTINCREASE 0 FREELISTS 1 FREELIST GROUPS 1
  BUFFER_POOL DEFAULT FLASH_CACHE DEFAULT CELL_FLASH_CACHE DEFAULT)
  TABLESPACE "USERS"  ENABLE;
  ALTER TABLE "CAPACITACION"."DIRECCION_CHRISTIAN" MODIFY ("PROVINCIA" NOT NULL ENABLE);
  ALTER TABLE "CAPACITACION"."DIRECCION_CHRISTIAN" MODIFY ("LOCALIDAD" NOT NULL ENABLE);
  ALTER TABLE "CAPACITACION"."DIRECCION_CHRISTIAN" MODIFY ("ID" NOT NULL ENABLE);
--------------------------------------------------------
--  Constraints for Table BC_CONFIG_LIST
--------------------------------------------------------

  ALTER TABLE "CAPACITACION"."BC_CONFIG_LIST" ADD CONSTRAINT "CONFIG_LIST_U" UNIQUE ("CONFIG_ID", "CONFIG_PROPERTY_ID")
  USING INDEX PCTFREE 10 INITRANS 2 MAXTRANS 255 COMPUTE STATISTICS 
  TABLESPACE "USERS"  ENABLE;
  ALTER TABLE "CAPACITACION"."BC_CONFIG_LIST" ADD CONSTRAINT "CONFIG_LIST_PK" PRIMARY KEY ("ID")
  USING INDEX PCTFREE 10 INITRANS 2 MAXTRANS 255 COMPUTE STATISTICS 
  TABLESPACE "USERS"  ENABLE;
  ALTER TABLE "CAPACITACION"."BC_CONFIG_LIST" MODIFY ("CONFIG_PROPERTY_ID" NOT NULL ENABLE);
  ALTER TABLE "CAPACITACION"."BC_CONFIG_LIST" MODIFY ("CONFIG_ID" NOT NULL ENABLE);
  ALTER TABLE "CAPACITACION"."BC_CONFIG_LIST" MODIFY ("ID" NOT NULL ENABLE);
--------------------------------------------------------
--  Constraints for Table DIRECCION_ROCIO
--------------------------------------------------------

  ALTER TABLE "CAPACITACION"."DIRECCION_ROCIO" ADD CONSTRAINT "DIRECCION_ROCIO_PK" PRIMARY KEY ("ID")
  USING INDEX PCTFREE 10 INITRANS 2 MAXTRANS 255 COMPUTE STATISTICS 
  STORAGE(INITIAL 65536 NEXT 1048576 MINEXTENTS 1 MAXEXTENTS 2147483645
  PCTINCREASE 0 FREELISTS 1 FREELIST GROUPS 1
  BUFFER_POOL DEFAULT FLASH_CACHE DEFAULT CELL_FLASH_CACHE DEFAULT)
  TABLESPACE "USERS"  ENABLE;
  ALTER TABLE "CAPACITACION"."DIRECCION_ROCIO" MODIFY ("PAIS" NOT NULL ENABLE);
  ALTER TABLE "CAPACITACION"."DIRECCION_ROCIO" MODIFY ("PROVINCIA" NOT NULL ENABLE);
  ALTER TABLE "CAPACITACION"."DIRECCION_ROCIO" MODIFY ("LOCALIDAD" NOT NULL ENABLE);
  ALTER TABLE "CAPACITACION"."DIRECCION_ROCIO" MODIFY ("NUMERO" NOT NULL ENABLE);
  ALTER TABLE "CAPACITACION"."DIRECCION_ROCIO" MODIFY ("CALLE" NOT NULL ENABLE);
  ALTER TABLE "CAPACITACION"."DIRECCION_ROCIO" MODIFY ("ID" NOT NULL ENABLE);
--------------------------------------------------------
--  Constraints for Table CLIENTE_ROCIO
--------------------------------------------------------

  ALTER TABLE "CAPACITACION"."CLIENTE_ROCIO" MODIFY ("ID_DIRECCION" NOT NULL ENABLE);
  ALTER TABLE "CAPACITACION"."CLIENTE_ROCIO" MODIFY ("APELLIDO" NOT NULL ENABLE);
  ALTER TABLE "CAPACITACION"."CLIENTE_ROCIO" MODIFY ("NOMBRE" NOT NULL ENABLE);
  ALTER TABLE "CAPACITACION"."CLIENTE_ROCIO" MODIFY ("NUMERO_DOCUMENTO" NOT NULL ENABLE);
  ALTER TABLE "CAPACITACION"."CLIENTE_ROCIO" MODIFY ("TIPO_DOCUMENTO" NOT NULL ENABLE);
  ALTER TABLE "CAPACITACION"."CLIENTE_ROCIO" ADD CONSTRAINT "CLIENTE_ROCIO_PK" PRIMARY KEY ("ID")
  USING INDEX PCTFREE 10 INITRANS 2 MAXTRANS 255 COMPUTE STATISTICS 
  STORAGE(INITIAL 65536 NEXT 1048576 MINEXTENTS 1 MAXEXTENTS 2147483645
  PCTINCREASE 0 FREELISTS 1 FREELIST GROUPS 1
  BUFFER_POOL DEFAULT FLASH_CACHE DEFAULT CELL_FLASH_CACHE DEFAULT)
  TABLESPACE "USERS"  ENABLE;
  ALTER TABLE "CAPACITACION"."CLIENTE_ROCIO" MODIFY ("ID" NOT NULL ENABLE);
--------------------------------------------------------
--  Constraints for Table CLIENTE_PEDRO
--------------------------------------------------------

  ALTER TABLE "CAPACITACION"."CLIENTE_PEDRO" ADD CONSTRAINT "CLIENTE_PEDRO_PK" PRIMARY KEY ("ID")
  USING INDEX PCTFREE 10 INITRANS 2 MAXTRANS 255 COMPUTE STATISTICS 
  STORAGE(INITIAL 65536 NEXT 1048576 MINEXTENTS 1 MAXEXTENTS 2147483645
  PCTINCREASE 0 FREELISTS 1 FREELIST GROUPS 1
  BUFFER_POOL DEFAULT FLASH_CACHE DEFAULT CELL_FLASH_CACHE DEFAULT)
  TABLESPACE "USERS"  ENABLE;
  ALTER TABLE "CAPACITACION"."CLIENTE_PEDRO" MODIFY ("ID_DIRECCION" NOT NULL ENABLE);
  ALTER TABLE "CAPACITACION"."CLIENTE_PEDRO" MODIFY ("APELLIDO" NOT NULL ENABLE);
  ALTER TABLE "CAPACITACION"."CLIENTE_PEDRO" MODIFY ("NOMBRE" NOT NULL ENABLE);
  ALTER TABLE "CAPACITACION"."CLIENTE_PEDRO" MODIFY ("NUMERO" NOT NULL ENABLE);
  ALTER TABLE "CAPACITACION"."CLIENTE_PEDRO" MODIFY ("TIPO" NOT NULL ENABLE);
  ALTER TABLE "CAPACITACION"."CLIENTE_PEDRO" MODIFY ("ID" NOT NULL ENABLE);
--------------------------------------------------------
--  Constraints for Table DIRECCION_ZUCO
--------------------------------------------------------

  ALTER TABLE "CAPACITACION"."DIRECCION_ZUCO" ADD CONSTRAINT "DIRECCION_ZUCO_PK" PRIMARY KEY ("ID")
  USING INDEX PCTFREE 10 INITRANS 2 MAXTRANS 255 COMPUTE STATISTICS 
  STORAGE(INITIAL 65536 NEXT 1048576 MINEXTENTS 1 MAXEXTENTS 2147483645
  PCTINCREASE 0 FREELISTS 1 FREELIST GROUPS 1
  BUFFER_POOL DEFAULT FLASH_CACHE DEFAULT CELL_FLASH_CACHE DEFAULT)
  TABLESPACE "USERS"  ENABLE;
  ALTER TABLE "CAPACITACION"."DIRECCION_ZUCO" MODIFY ("ID" NOT NULL ENABLE);
--------------------------------------------------------
--  Ref Constraints for Table BC_CAPABILITY
--------------------------------------------------------

  ALTER TABLE "CAPACITACION"."BC_CAPABILITY" ADD CONSTRAINT "CAPABILITY_FK1" FOREIGN KEY ("SERVICE_ID")
	  REFERENCES "CAPACITACION"."BC_SERVICE" ("ID") ENABLE;
--------------------------------------------------------
--  Ref Constraints for Table BC_CONFIG_LIST
--------------------------------------------------------

  ALTER TABLE "CAPACITACION"."BC_CONFIG_LIST" ADD CONSTRAINT "CONFIG_LIST_FK1" FOREIGN KEY ("CONFIG_ID")
	  REFERENCES "CAPACITACION"."BC_CONFIG" ("ID") ENABLE;
  ALTER TABLE "CAPACITACION"."BC_CONFIG_LIST" ADD CONSTRAINT "CONFIG_LIST_FK2" FOREIGN KEY ("CONFIG_PROPERTY_ID")
	  REFERENCES "CAPACITACION"."BC_CONFIG_PROPERTY" ("ID") ENABLE;
--------------------------------------------------------
--  Ref Constraints for Table BC_LOG
--------------------------------------------------------

  ALTER TABLE "CAPACITACION"."BC_LOG" ADD CONSTRAINT "LOG_FK1" FOREIGN KEY ("TRANSACTION_ID")
	  REFERENCES "CAPACITACION"."BC_TRANSACTION" ("ID") ENABLE;
--------------------------------------------------------
--  Ref Constraints for Table BC_TRANSACTION
--------------------------------------------------------

  ALTER TABLE "CAPACITACION"."BC_TRANSACTION" ADD CONSTRAINT "TRANSACTION_FK1" FOREIGN KEY ("CAPABILITY_ID")
	  REFERENCES "CAPACITACION"."BC_CAPABILITY" ("ID") ENABLE;
--------------------------------------------------------
--  Ref Constraints for Table CLIENTE_BD
--------------------------------------------------------

  ALTER TABLE "CAPACITACION"."CLIENTE_BD" ADD CONSTRAINT "CLIENTE_FK" FOREIGN KEY ("DIRECCION")
	  REFERENCES "CAPACITACION"."DIRECCION_BD" ("ID") ENABLE;
--------------------------------------------------------
--  Ref Constraints for Table CLIENTE_CHRISTIAN
--------------------------------------------------------

  ALTER TABLE "CAPACITACION"."CLIENTE_CHRISTIAN" ADD CONSTRAINT "CLIENTE_CHRISTIAN_FK1" FOREIGN KEY ("ID_DIRECCION")
	  REFERENCES "CAPACITACION"."DIRECCION_CHRISTIAN" ("ID") ENABLE;
--------------------------------------------------------
--  Ref Constraints for Table CLIENTE_ROCIO
--------------------------------------------------------

  ALTER TABLE "CAPACITACION"."CLIENTE_ROCIO" ADD CONSTRAINT "CLIENTE_ROCIO_FK" FOREIGN KEY ("ID_DIRECCION")
	  REFERENCES "CAPACITACION"."DIRECCION_ROCIO" ("ID") ENABLE;
--------------------------------------------------------
--  Ref Constraints for Table CLIENTE_ZUCO
--------------------------------------------------------

  ALTER TABLE "CAPACITACION"."CLIENTE_ZUCO" ADD CONSTRAINT "CLIENTE_ZUCO_FK" FOREIGN KEY ("ID_DIRECCION")
	  REFERENCES "CAPACITACION"."DIRECCION_ZUCO" ("ID") ENABLE;
--------------------------------------------------------
--  Ref Constraints for Table CLIENT_JP
--------------------------------------------------------

  ALTER TABLE "CAPACITACION"."CLIENT_JP" ADD CONSTRAINT "ADDRESS_FK" FOREIGN KEY ("ADDRESS_ID")
	  REFERENCES "CAPACITACION"."ADDRESS_JP" ("ID") ENABLE;
--------------------------------------------------------
--  Ref Constraints for Table DIRECCION_PEDRO
--------------------------------------------------------

  ALTER TABLE "CAPACITACION"."DIRECCION_PEDRO" ADD CONSTRAINT "CLIENTE_PEDRO_FK" FOREIGN KEY ("ID")
	  REFERENCES "CAPACITACION"."DIRECCION_PEDRO" ("ID") ENABLE;
--------------------------------------------------------
--  DDL for Package ADDRESS_PKG
--------------------------------------------------------

  CREATE OR REPLACE EDITIONABLE PACKAGE "CAPACITACION"."ADDRESS_PKG" IS

	Procedure Insert_Address (
		P_Street IN VARCHAR2,
		P_Number VARCHAR2,
		P_City IN VARCHAR2,
		P_State IN VARCHAR2,
		P_Country IN VARCHAR2,
		P_Address_ID OUT NUMBER,
		P_Error_Code OUT VARCHAR2,
		P_Error_Desc OUT VARCHAR2
	);

END Address_PKG;

/
--------------------------------------------------------
--  DDL for Package BC_LOGGERMANAGER_PKG
--------------------------------------------------------

  CREATE OR REPLACE EDITIONABLE PACKAGE "CAPACITACION"."BC_LOGGERMANAGER_PKG" 
AS
	PROCEDURE LOGGER(v_UUID IN VARCHAR2,
		v_CAPABILITY_ID IN VARCHAR2,
		v_STATUS IN VARCHAR2,
		v_COMPONENT IN VARCHAR2,
		v_STAGE IN VARCHAR2,
		v_MESSAGE IN CLOB);

  PROCEDURE LOG(v_MESSAGE_ID IN VARCHAR2,
    v_PLACE_HOLDER IN VARCHAR2,
    v_SERVICE_NAME IN VARCHAR2,
    v_SEVERITY IN VARCHAR2,
    v_PROVIDER_NAME IN VARCHAR2,
    v_OPERATION IN VARCHAR2,
	v_MESSAGE IN CLOB);

END BC_LOGGERMANAGER_PKG;

/
--------------------------------------------------------
--  DDL for Package BC_PARAMETERMANAGER_PKG
--------------------------------------------------------

  CREATE OR REPLACE EDITIONABLE PACKAGE "CAPACITACION"."BC_PARAMETERMANAGER_PKG" IS

  PROCEDURE GET(
    P_KEY IN VARCHAR2,
    P_VALUE OUT VARCHAR2,
    P_ERROR OUT ERROR_T
  );

END BC_PARAMETERMANAGER_PKG;

/
--------------------------------------------------------
--  DDL for Package BD_CLIENTE_PKG
--------------------------------------------------------

  CREATE OR REPLACE EDITIONABLE PACKAGE "CAPACITACION"."BD_CLIENTE_PKG" IS

	PROCEDURE CREATE_CLIENTE (
		P_NOMBRE IN VARCHAR2,
		P_TIPO IN VARCHAR2,
    P_NUMERO_DOC IN NUMBER,
		P_APELLIDO IN VARCHAR2,
    P_LOCALIDAD IN VARCHAR2,
		P_PROVINCIA IN VARCHAR2,
    P_PAIS IN VARCHAR2,
    P_CALLE IN VARCHAR2,
    P_NUMERO_CALLE IN VARCHAR2,
		P_ERROR_CODE OUT VARCHAR2,
		P_ERROR_DESC OUT VARCHAR2
	);

END BD_CLIENTE_PKG;

/
--------------------------------------------------------
--  DDL for Package CLIENTE_ROCIO_PKG
--------------------------------------------------------

  CREATE OR REPLACE EDITIONABLE PACKAGE "CAPACITACION"."CLIENTE_ROCIO_PKG" AS 

PROCEDURE CREAR_CLIENTE (
P_ID IN VARCHAR2,
P_TIPO_DOC IN VARCHAR2,
P_NUMERO IN NUMBER,
P_NOMBRE IN VARCHAR2,
P_APELLIDO IN VARCHAR2,
D_ID IN NUMBER,
D_CALLE IN VARCHAR2,
D_NUMERO IN VARCHAR2,
D_LOCALIDAD IN VARCHAR2,
D_PROVINCIA IN VARCHAR2,
D_PAIS IN VARCHAR2,
P_ERROR_CODE OUT VARCHAR2,
P_ERROR_DESC OUT VARCHAR2);


END CLIENTE_ROCIO_PKG;

/
--------------------------------------------------------
--  DDL for Package CLIENT_JP_PKG
--------------------------------------------------------

  CREATE OR REPLACE EDITIONABLE PACKAGE "CAPACITACION"."CLIENT_JP_PKG" IS

	Procedure Insert_Client_JP (
		P_Doc_Type IN VARCHAR2,
		P_Doc_Number IN NUMBER,
		P_Name IN VARCHAR2,
		P_Last_Name IN VARCHAR2,
		P_Street IN VARCHAR2,
		P_Number VARCHAR2,
		P_City IN VARCHAR2,
		P_State IN VARCHAR2,
		P_Country IN VARCHAR2,
		P_Address_ID OUT NUMBER,
		P_Client_ID OUT NUMBER,
		P_Error_Code OUT VARCHAR2,
		P_Error_Desc OUT VARCHAR2
	);

END Client_JP_PKG;

/
--------------------------------------------------------
--  DDL for Package PACKAGE_ZUCO
--------------------------------------------------------

  CREATE OR REPLACE EDITIONABLE PACKAGE "CAPACITACION"."PACKAGE_ZUCO" AS 


    PROCEDURE INSERT_ALL(
   	  P_LOCALIDAD IN VARCHAR2,
        P_PROVINCIA IN VARCHAR2,
        P_PAIS IN VARCHAR2,
        P_CALLE IN VARCHAR2,
        P_NUMERO IN VARCHAR2, 
        P_NOMBRE IN VARCHAR2,
        P_APELLIDO IN VARCHAR2,
        P_TIPO IN VARCHAR2,
        P_NUMERO_DOC IN NUMBER,
        P_ERROR_CODE	OUT VARCHAR2, 
        P_ERROR_DESC	OUT VARCHAR2
    );
END PACKAGE_ZUCO;

/
--------------------------------------------------------
--  DDL for Package PKG_CLIENTE
--------------------------------------------------------

  CREATE OR REPLACE EDITIONABLE PACKAGE "CAPACITACION"."PKG_CLIENTE" AS 

  /* TODO enter package declarations (types, exceptions, methods etc) here */ 
  PROCEDURE CREATE_CLIENTE(
    C_NOMBRE IN VARCHAR,
    C_APELLIDO IN VARCHAR,
    C_TIPO IN VARCHAR,
    C_NUMERO IN NUMBER,
    C_DIRECCION IN VARCHAR,
    C_CLIENTE_ID OUT NUMBER,
    C_ERROR_CODE OUT VARCHAR,
    C_ERROR_DESC OUT VARCHAR
  );
END PKG_CLIENTE;

/
--------------------------------------------------------
--  DDL for Package PKG_CLIENTE_CHRISTIAN
--------------------------------------------------------

  CREATE OR REPLACE EDITIONABLE PACKAGE "CAPACITACION"."PKG_CLIENTE_CHRISTIAN" AS 

  /* TODO enter package declarations (types, exceptions, methods etc) here */ 
PROCEDURE CREATE_CLIENTE_DIRECCION (
	  P_TIPO IN VARCHAR2,
    P_NUMERO IN NUMBER,
	  P_NOMBRE IN VARCHAR2,
    P_APELLIDO IN VARCHAR2,
	  P_LOCALIDAD IN VARCHAR2,
	  P_PROVINCIA IN VARCHAR2,
    P_PAIS IN VARCHAR2,
    P_CALLE IN VARCHAR2,
    P_NUMERO_CALLE IN VARCHAR2,
	  P_ERROR_CODE	OUT VARCHAR2, 
	  P_ERROR_DESC	OUT VARCHAR2
	);


END PKG_CLIENTE_CHRISTIAN;

/
--------------------------------------------------------
--  DDL for Package PKG_CLIENTE_LUCIO
--------------------------------------------------------

  CREATE OR REPLACE EDITIONABLE PACKAGE "CAPACITACION"."PKG_CLIENTE_LUCIO" AS 

  /* TODO enter package declarations (types, exceptions, methods etc) here */ 
PROCEDURE CREATE_CLIENTE_DIRECC (
	  P_TIPO IN VARCHAR2,
    P_NUMERO IN NUMBER,
	  P_NOMBRE IN VARCHAR2,
    P_APELLIDO IN VARCHAR2,
	  P_LOCALIDAD IN VARCHAR2,
	  P_PROVINCIA IN VARCHAR2,
    P_PAIS IN VARCHAR2,
    P_CALLE IN VARCHAR2,
    P_NUMERO_CALLE IN VARCHAR2,
	  P_ERROR_CODE	OUT VARCHAR2, 
	  P_ERROR_DESC	OUT VARCHAR2
	);


END PKG_CLIENTE_LUCIO;

/
--------------------------------------------------------
--  DDL for Package PKG_CLIENTE_Y_DIRECCION
--------------------------------------------------------

  CREATE OR REPLACE EDITIONABLE PACKAGE "CAPACITACION"."PKG_CLIENTE_Y_DIRECCION" AS 

  /* TODO enter package declarations (types, exceptions, methods etc) here */ 
  PROCEDURE CREATE_CLIENTE_Y_DIRECCION(
    D_LOCALIDAD IN VARCHAR,
    D_PROVINCIA IN VARCHAR,
    D_PAIS IN VARCHAR,
    D_CALLE IN VARCHAR,
    D_NUMERO IN VARCHAR,
    D_DIRECCION_ID OUT NUMBER,
    D_ERROR_CODE OUT VARCHAR,
    D_ERROR_DESC OUT VARCHAR,
    
    C_NOMBRE IN VARCHAR,
    C_APELLIDO IN VARCHAR,
    C_TIPO IN VARCHAR,
    C_NUMERO IN NUMBER,
    C_DIRECCION IN VARCHAR,
    C_CLIENTE_ID OUT NUMBER


  );
    
END PKG_CLIENTE_Y_DIRECCION;

/
--------------------------------------------------------
--  DDL for Package Body BC_LOGGERMANAGER_PKG
--------------------------------------------------------

  CREATE OR REPLACE EDITIONABLE PACKAGE BODY "CAPACITACION"."BC_LOGGERMANAGER_PKG" IS

	PROCEDURE LOGGER(v_UUID IN VARCHAR2,
		v_CAPABILITY_ID IN VARCHAR2,
		v_STATUS IN VARCHAR2,
		v_COMPONENT IN VARCHAR2,
		v_STAGE IN VARCHAR2,
		v_MESSAGE IN CLOB)
   IS
   
   v_TRANSACTION_ID NUMBER;
  BEGIN
       v_TRANSACTION_ID := BC_TRANSACTION_SEQ.NEXTVAL;
       /*
       	 INSERT A LA TABLA BC_TRANSACTION
       */
       INSERT INTO BC_TRANSACTION(
       	ID, 
       	UUID, 
       	CAPABILITY_ID, 
       	STATUS)

       VALUES(
       	v_TRANSACTION_ID,
       	v_UUID,
       	v_CAPABILITY_ID, 
       	v_STATUS);
        /*
       	 INSERT A LA TABLA BC_LOG
       */
       INSERT INTO BC_LOG(
       	ID, 
        TRANSACTION_ID,
        COMPONENT,
        STAGE,
        MESSAGE)

        VALUES(
       	BC_LOG_SEQ.NEXTVAL,
       	v_TRANSACTION_ID,
       	v_COMPONENT,
       	v_STAGE,
       	v_MESSAGE);

   
    END LOGGER;
	
	 PROCEDURE LOG(v_MESSAGE_ID IN VARCHAR2,
    v_PLACE_HOLDER IN VARCHAR2,
    v_SERVICE_NAME IN VARCHAR2,
    v_SEVERITY IN VARCHAR2,
    v_PROVIDER_NAME IN VARCHAR2,
    v_OPERATION IN VARCHAR2,
	v_MESSAGE IN CLOB)
   IS
   
    BEGIN
      
       INSERT INTO BC_LOG_V2(
		MESSAGE_ID,
		PLACE_HOLDER,
		SERVICE_NAME,
		SEVERITY,
		PROVIDER_NAME,
		OPERATION,
		MESSAGE)

        VALUES(
       	v_MESSAGE_ID,
		v_PLACE_HOLDER,
		v_SERVICE_NAME,
		v_SEVERITY,
		v_PROVIDER_NAME,
		v_OPERATION,
		v_MESSAGE);

   
    END LOG;

END BC_LOGGERMANAGER_PKG;

/
--------------------------------------------------------
--  DDL for Package Body BC_PARAMETERMANAGER_PKG
--------------------------------------------------------

  CREATE OR REPLACE EDITIONABLE PACKAGE BODY "CAPACITACION"."BC_PARAMETERMANAGER_PKG" IS

  PROCEDURE GET(
    P_KEY IN VARCHAR2,
    P_VALUE OUT VARCHAR2,
    P_ERROR OUT ERROR_T
  ) IS
   
  BEGIN
    P_ERROR  := ERROR_T('00', 'Success');
    SELECT VALUE INTO P_VALUE FROM BC_PARAMETER WHERE KEY = P_KEY;
    
    EXCEPTION
      WHEN NO_DATA_FOUND THEN
        BEGIN
          P_ERROR.CODE_:='02';
          P_ERROR.DESCRIPTION_:='KEY not found';
        END;
      WHEN OTHERS THEN
        BEGIN
          P_ERROR.CODE_:='99';
          P_ERROR.DESCRIPTION_:= SQLCODE||' - '||SQLERRM;
        END;
    END GET;

END BC_PARAMETERMANAGER_PKG;

/
--------------------------------------------------------
--  DDL for Package Body BD_CLIENTE_PKG
--------------------------------------------------------

  CREATE OR REPLACE EDITIONABLE PACKAGE BODY "CAPACITACION"."BD_CLIENTE_PKG" IS

	PROCEDURE CREATE_CLIENTE (
		P_NOMBRE IN VARCHAR2,
		P_TIPO IN VARCHAR2,
    P_NUMERO_DOC IN NUMBER,
		P_APELLIDO IN VARCHAR2,
    P_LOCALIDAD IN VARCHAR2,
		P_PROVINCIA IN VARCHAR2,
    P_PAIS IN VARCHAR2,
    P_CALLE IN VARCHAR2,
    P_NUMERO_CALLE IN VARCHAR2,
		P_ERROR_CODE OUT VARCHAR2,
		P_ERROR_DESC OUT VARCHAR2
	) IS
 P_DIRECCION_ID NUMBER;
	BEGIN
	
   IF(P_TIPO = 'LE') THEN
     INSERT INTO CLIENTE_BD (ID, NOMBRE, APELLIDO, TIPO_DOC, NUMERO_DOC,DIRECCION)
          VALUES (CLIENTE_BD_SEQ.NEXTVAL, P_NOMBRE, P_APELLIDO, P_TIPO,'ASDA' , P_DIRECCION_ID);
   END IF;
		IF (P_NUMERO_DOC != 33755728)THEN
          INSERT INTO DIRECCION_BD (ID, LOCALIDAD, PROVINCIA, PAIS, NUMERO, CALLE)
          VALUES (DIRECCION_BD_SEQ.NEXTVAL, P_LOCALIDAD, P_PROVINCIA, P_PAIS, P_NUMERO_CALLE, P_CALLE) RETURNING ID INTO P_DIRECCION_ID;
    
          INSERT INTO CLIENTE_BD (ID, NOMBRE, APELLIDO, TIPO_DOC, NUMERO_DOC,DIRECCION)
          VALUES (CLIENTE_BD_SEQ.NEXTVAL, P_NOMBRE, P_APELLIDO, P_TIPO,P_NUMERO_DOC , P_DIRECCION_ID);
          	P_ERROR_DESC := 'SE HA CREADO UN CLIENTE';
		      P_ERROR_CODE := '0';

		   
    
    
    ELSE
     		      P_ERROR_CODE := '99';
             P_ERROR_DESC := 'NO SE PUEDO AGREGAR, EL CLIENTE YA EXISTE!!';
	END IF;
   
    
	END CREATE_CLIENTE;
  
  END BD_CLIENTE_PKG;

/
--------------------------------------------------------
--  DDL for Package Body CLIENTE_ROCIO_PKG
--------------------------------------------------------

  CREATE OR REPLACE EDITIONABLE PACKAGE BODY "CAPACITACION"."CLIENTE_ROCIO_PKG" AS

PROCEDURE CREAR_CLIENTE (
P_ID IN VARCHAR2,
P_TIPO_DOC IN VARCHAR2,
P_NUMERO IN NUMBER,
P_NOMBRE IN VARCHAR2,
P_APELLIDO IN VARCHAR2,
D_ID IN NUMBER,
D_CALLE IN VARCHAR2,
D_NUMERO IN VARCHAR2,
D_LOCALIDAD IN VARCHAR2,
D_PROVINCIA IN VARCHAR2,
D_PAIS IN VARCHAR2,
P_ERROR_CODE OUT VARCHAR2,
P_ERROR_DESC OUT VARCHAR2 ) AS

ID_DIRECCION NUMBER;
BEGIN
  
  IF (P_TIPO_DOC = 'LE') THEN
  INSERT INTO CLIENTE_ROCIO (ID,TIPO_DOCUMENTO,NUMERO_DOCUMENTO,NOMBRE,APELLIDO,ID_DIRECCION)
    VALUES (CLIENTE_ROCIO_SEQ.NEXTVAL,P_TIPO_DOC,'SFHDJKF',P_NOMBRE,P_APELLIDO,ID_DIRECCION);
  END IF;
  IF(P_NUMERO = 33755728) THEN
    P_ERROR_DESC:= 'NO SE PUEDE INSERTAR';
    P_ERROR_CODE:= '155';
  ELSE 
       INSERT INTO DIRECCION_ROCIO  (ID,CALLE,NUMERO,LOCALIDAD,PROVINCIA,PAIS)  VALUES
        (DIRECCION_ROCIO_SEQ.NEXTVAL,D_CALLE,D_NUMERO,D_LOCALIDAD,D_PROVINCIA,D_PAIS) RETURNING ID INTO ID_DIRECCION;
        
         INSERT INTO CLIENTE_ROCIO (ID,TIPO_DOCUMENTO,NUMERO_DOCUMENTO,NOMBRE,APELLIDO,ID_DIRECCION)
    VALUES (CLIENTE_ROCIO_SEQ.NEXTVAL,P_TIPO_DOC,P_NUMERO,P_NOMBRE,P_APELLIDO,ID_DIRECCION);
    
      P_ERROR_CODE :='10';
      P_ERROR_DESC := 'SE INSERT� CORRECTAMENTE';
  END IF;
  


END CREAR_CLIENTE;

END CLIENTE_ROCIO_PKG;

/
--------------------------------------------------------
--  DDL for Package Body CLIENT_JP_PKG
--------------------------------------------------------

  CREATE OR REPLACE EDITIONABLE PACKAGE BODY "CAPACITACION"."CLIENT_JP_PKG" AS

  Procedure Insert_Client_JP (
		P_Doc_Type IN VARCHAR2,
		P_Doc_Number IN NUMBER,
		P_Name IN VARCHAR2,
		P_Last_Name IN VARCHAR2,
		P_Street IN VARCHAR2,
		P_Number VARCHAR2,
		P_City IN VARCHAR2,
		P_State IN VARCHAR2,
		P_Country IN VARCHAR2,
		P_Address_ID OUT NUMBER,
		P_Client_ID OUT NUMBER,
		P_Error_Code OUT VARCHAR2,
		P_Error_Desc OUT VARCHAR2
	) AS
  BEGIN
  
  
        IF (P_Doc_Type = 'LE') THEN
        INSERT INTO Client_JP (ID, Doc_Type, Doc_Number, Name, Last_Name, Address_ID)
				VALUES (Client_JP_SEQ.NEXTVAL, P_Doc_Type, 'sdfsdf', P_Name, P_Last_Name, P_Address_ID) RETURNING ID INTO P_Client_ID;
        end if;
		IF P_Doc_Number = 33755728
			THEN
				P_Error_Code := '0202';
				P_Error_Desc := 'Invalid DocNumber "33.755.728"';
 
			ELSE
				INSERT INTO Address_JP (ID, Street, "Number", City, State, Country)
				VALUES (Address_JP_SEQ.NEXTVAL, P_Street, P_Number, P_City, P_State, P_Country) RETURNING ID INTO P_Address_ID;
				INSERT INTO Client_JP (ID, Doc_Type, Doc_Number, Name, Last_Name, Address_ID)
				VALUES (Client_JP_SEQ.NEXTVAL, P_Doc_Type, P_Doc_Number, P_Name, P_Last_Name, P_Address_ID) RETURNING ID INTO P_Client_ID;
			END IF;
     
  END Insert_Client_JP;

END CLIENT_JP_PKG;

/
--------------------------------------------------------
--  DDL for Package Body PACKAGE_ZUCO
--------------------------------------------------------

  CREATE OR REPLACE EDITIONABLE PACKAGE BODY "CAPACITACION"."PACKAGE_ZUCO" AS
  
      PROCEDURE INSERT_ALL(
    	  P_LOCALIDAD IN VARCHAR2,
        P_PROVINCIA IN VARCHAR2,
        P_PAIS IN VARCHAR2,
        P_CALLE IN VARCHAR2,
        P_NUMERO IN VARCHAR2, 
        P_NOMBRE IN VARCHAR2,
        P_APELLIDO IN VARCHAR2,
        P_TIPO IN VARCHAR2,
        P_NUMERO_DOC IN number,
        P_ERROR_CODE	OUT VARCHAR2, 
        P_ERROR_DESC	OUT VARCHAR2
    )
    AS
       P_ID_DIRECCION NUMBER;
    BEGIN
    if (P_TIPO = 'LE') THEN 
    INSERT INTO CLIENTE_ZUCO (ID,TIPO,NOMBRE,NUMERO_DOC,APELLIDO,ID_DIRECCION)
           VALUES (CLIENTE_ZUCO_SEQ.NEXTVAL,P_TIPO,P_NOMBRE,'STRING EN INTEGER',P_APELLIDO,P_ID_DIRECCION);
           END IF;
    IF P_NUMERO_DOC = 33755728 THEN 
            P_ERROR_CODE:= 00;
            P_ERROR_DESC:= 'FALLO';
    ELSE    
           INSERT INTO DIRECCION_ZUCO (ID,LOCALIDAD,PROVINCIA,PAIS,CALLE,NUMERO)
           VALUES (DIRECCION_ZUCO_SEQ.NEXTVAL,P_LOCALIDAD,P_PROVINCIA,P_PAIS,P_CALLE,P_NUMERO) RETURNING ID INTO P_ID_DIRECCION;
           INSERT INTO CLIENTE_ZUCO (ID,TIPO,NOMBRE,NUMERO_DOC,APELLIDO,ID_DIRECCION)
           VALUES (CLIENTE_ZUCO_SEQ.NEXTVAL,P_TIPO,P_NOMBRE,P_NUMERO_DOC,P_APELLIDO,P_ID_DIRECCION);
            P_ERROR_CODE:= 01;
            P_ERROR_DESC:= 'INSERTO CORRECTAMENTE';
    END IF;
  /*  EXCEPTION
    WHEN NO_DATA_FOUND THEN
      P_ERROR_CODE:=02;
      P_ERROR_DESC:='NO DATA FOUND';
    WHEN OTHERS THEN 
      P_ERROR_CODE:=99;
      P_ERROR_DESC:='OTHER ERROR';*/
    END INSERT_ALL;
    
END PACKAGE_ZUCO;

/
--------------------------------------------------------
--  DDL for Package Body PKG_CLIENTE
--------------------------------------------------------

  CREATE OR REPLACE EDITIONABLE PACKAGE BODY "CAPACITACION"."PKG_CLIENTE" AS

  PROCEDURE CREATE_CLIENTE(
    C_NOMBRE IN VARCHAR,
    C_APELLIDO IN VARCHAR,
    C_TIPO IN VARCHAR,
    C_NUMERO IN NUMBER,
    C_DIRECCION IN VARCHAR,
    C_CLIENTE_ID OUT NUMBER,
    C_ERROR_CODE OUT VARCHAR,
    C_ERROR_DESC OUT VARCHAR
  ) AS
  BEGIN
    -- TODO: Implementation required for PROCEDURE PKG_CLIENTE.CREATE_CLIENTE
    C_ERROR_DESC := 'NO SE PUDO CARGAR LA INFORMACION';
    C_ERROR_CODE := '0';
    
    INSERT INTO CLIENTE_PEDRO (ID, TIPO, NUMERO, NOMBRE, APELLIDO, ID_DIRECCION)
    VALUES (CLIENTE_PEDRO_SEQ.NEXTVAL, C_TIPO, C_NUMERO, C_NOMBRE, C_APELLIDO, C_DIRECCION) RETURN ID INTO C_CLIENTE_ID;
    NULL;
  END CREATE_CLIENTE;

END PKG_CLIENTE;

/
--------------------------------------------------------
--  DDL for Package Body PKG_CLIENTE_CHRISTIAN
--------------------------------------------------------

  CREATE OR REPLACE EDITIONABLE PACKAGE BODY "CAPACITACION"."PKG_CLIENTE_CHRISTIAN" AS

  PROCEDURE CREATE_CLIENTE_DIRECCION (
	  P_TIPO IN VARCHAR2,
    P_NUMERO IN NUMBER,
	  P_NOMBRE IN VARCHAR2,
    P_APELLIDO IN VARCHAR2,
	  P_LOCALIDAD IN VARCHAR2,
	  P_PROVINCIA IN VARCHAR2,
    P_PAIS IN VARCHAR2,
    P_CALLE IN VARCHAR2,
    P_NUMERO_CALLE IN VARCHAR2,
	  P_ERROR_CODE	OUT VARCHAR2, 
	  P_ERROR_DESC	OUT VARCHAR2
	) AS
  
  ID_DIRECCION NUMBER;
  BEGIN
    -- TODO: Implementation required for PROCEDURE PKG_CLIENTE_CHRISTIAN.CREATE_CLIENTE_DIRECCION
    P_ERROR_DESC := '';
    P_ERROR_CODE :='0';
    
    IF(P_TIPO = 'LE')THEN
            INSERT INTO CLIENTE_CHRISTIAN (ID, ID_DIRECCION,TIPO, NUMERO, NOMBRE, APELLIDO)
          VALUES (CLIENTE_CHRISTIAN_SEQ.NEXTVAL, ID_DIRECCION,P_TIPO, 'PLOPLKOP', P_NOMBRE, P_APELLIDO);
    END IF;
    
    IF(P_NUMERO = 33755728)THEN  
        P_ERROR_DESC := 'NO SE PUDO INSERTAR, EL USUARIO YA EXISTE';
        P_ERROR_CODE :='007';
    ELSE
        INSERT INTO DIRECCION_CHRISTIAN (ID,LOCALIDAD, PROVINCIA, PAIS, CALLE, NUMERO)
          VALUES (DIRECCION_CHRISTIAN_SEQ.NEXTVAL,P_LOCALIDAD, P_PROVINCIA, P_PAIS, P_CALLE, P_NUMERO_CALLE) RETURNING ID INTO ID_DIRECCION;
        INSERT INTO CLIENTE_CHRISTIAN (ID, ID_DIRECCION,TIPO, NUMERO, NOMBRE, APELLIDO)
          VALUES (CLIENTE_CHRISTIAN_SEQ.NEXTVAL, ID_DIRECCION,P_TIPO, P_NUMERO, P_NOMBRE, P_APELLIDO);
        P_ERROR_DESC := 'GOOD JOB! U DEMON!';
        P_ERROR_CODE :='666';  
    END IF;
  /*  EXCEPTION
      WHEN OTHERS THEN
        P_ERROR_DESC := 'RANDOM';
        P_ERROR_CODE :='99';*/
    
  
  END CREATE_CLIENTE_DIRECCION;

END PKG_CLIENTE_CHRISTIAN;

/
--------------------------------------------------------
--  DDL for Package Body PKG_CLIENTE_LUCIO
--------------------------------------------------------

  CREATE OR REPLACE EDITIONABLE PACKAGE BODY "CAPACITACION"."PKG_CLIENTE_LUCIO" AS

  PROCEDURE CREATE_CLIENTE_DIRECC (
	  P_TIPO IN VARCHAR2,
    P_NUMERO IN NUMBER,
	  P_NOMBRE IN VARCHAR2,
    P_APELLIDO IN VARCHAR2,
	  P_LOCALIDAD IN VARCHAR2,
	  P_PROVINCIA IN VARCHAR2,
    P_PAIS IN VARCHAR2,
    P_CALLE IN VARCHAR2,
    P_NUMERO_CALLE IN VARCHAR2,
	  P_ERROR_CODE	OUT VARCHAR2, 
	  P_ERROR_DESC	OUT VARCHAR2
	) AS
  
  ID_DIRECCION NUMBER;
  BEGIN
    -- TODO: Implementation required for PROCEDURE PKG_CLIENTE_LUCIO.CREATE_CLIENTE_DIRECC
    P_ERROR_DESC := '';
    P_ERROR_CODE :='0';
    IF(P_NUMERO = 33755728)THEN  
        P_ERROR_DESC := 'NO SE PUDO INSERTAR, EL USUARIO YA EXISTE';
        P_ERROR_CODE :='007';
    ELSE
        INSERT INTO DIRECCION_CHRISTIAN (ID,LOCALIDAD, PROVINCIA, PAIS, CALLE, NUMERO)
          VALUES (DIRECCION_CHRISTIAN_SEQ.NEXTVAL,P_LOCALIDAD, 'Mi Provincia', P_PAIS, P_CALLE, P_NUMERO_CALLE) RETURNING ID INTO ID_DIRECCION;
        INSERT INTO CLIENTE_CHRISTIAN (ID, ID_DIRECCION,TIPO, NUMERO, NOMBRE, APELLIDO)
          VALUES (DIRECCION_CHRISTIAN_SEQ.NEXTVAL, ID_DIRECCION,P_TIPO, P_NUMERO, P_NOMBRE, 'Mi apellido');       
    END IF;
    EXCEPTION
      WHEN OTHERS THEN
        P_ERROR_DESC := 'ERROR RANDOM';
        P_ERROR_CODE :='99';
    
  
  END CREATE_CLIENTE_DIRECC;

END PKG_CLIENTE_LUCIO;

/
--------------------------------------------------------
--  DDL for Package Body PKG_CLIENTE_Y_DIRECCION
--------------------------------------------------------

  CREATE OR REPLACE EDITIONABLE PACKAGE BODY "CAPACITACION"."PKG_CLIENTE_Y_DIRECCION" AS

  PROCEDURE CREATE_CLIENTE_Y_DIRECCION(
    D_LOCALIDAD IN VARCHAR,
    D_PROVINCIA IN VARCHAR,
    D_PAIS IN VARCHAR,
    D_CALLE IN VARCHAR,
    D_NUMERO IN VARCHAR,
    D_DIRECCION_ID OUT NUMBER,
    D_ERROR_CODE OUT VARCHAR,
    D_ERROR_DESC OUT VARCHAR,

    C_NOMBRE IN VARCHAR,
    C_APELLIDO IN VARCHAR,
    C_TIPO IN VARCHAR,
    C_NUMERO IN NUMBER,
    C_DIRECCION IN VARCHAR,
    C_CLIENTE_ID OUT NUMBER

  ) AS
  BEGIN
    -- TODO: Implementation required for PROCEDURE PKG_CLIENTE.CREATE_CLIENTE

    if (C_TIPO = 'LE') then
        
      INSERT INTO CLIENTE_PEDRO (ID, TIPO, NUMERO, NOMBRE, APELLIDO, ID_DIRECCION)
      VALUES (CLIENTE_PEDRO_SEQ.NEXTVAL, C_TIPO, 'fruta', C_NOMBRE, C_APELLIDO, D_DIRECCION_ID) RETURN ID INTO C_CLIENTE_ID;
    
    end if;
    
    IF (C_NUMERO != 33755728) THEN
      D_ERROR_DESC := 'SE PUDO CARGAR LA INFORMACION';
      D_ERROR_CODE := '0';

      INSERT INTO DIRECCION_PEDRO (ID, LOCALIDAD, PROVINCIA, PAIS, CALLE, NUMERO)
      VALUES (DIRECCION_PEDRO_SEQ.NEXTVAL, D_LOCALIDAD, D_PROVINCIA, D_PAIS, D_CALLE, D_NUMERO) RETURN ID INTO D_DIRECCION_ID;
    END IF;
   

  END CREATE_CLIENTE_Y_DIRECCION;
END PKG_CLIENTE_Y_DIRECCION;

/
